,Div,Date,HomeTeam,AwayTeam,FTHG,FTAG,FTR,HTHG,HTAG,HTR,Referee,HS,AS,HST,AST,HF,AF,HC,AC,HY,AY,HR,AR,B365H,B365D,B365A,Season,MeanCornersHome,MeanCornersAway,MeanCardsHome,MeanCardsAway,MeanShotsHome,MeanShotsAway,MeanGoalsHome,MeanGoalsAway,MeanGoalsConHome,MeanGoalsConAway
0,E0,11/08/17,Arsenal,Leicester,4,3,H,2,2,D,M Dean,27,6,10,3,9,12,9,4,0,1,0,0,1.53,4.5,6.5,9,5.9211,5.3421,1.5000,1.3684,15.6316,11.1316,1.9474,1.4737,1.3421,1.5789
1,E0,12/08/17,Brighton,Man City,0,2,A,0,0,D,M Oliver,6,14,2,4,6,9,3,10,0,2,0,0,11.0,5.5,1.33,9,4.2895,7.4737,1.4211,1.5526,10.1053,17.5000,0.8947,2.7895,1.4211,0.7105
2,E0,12/08/17,Chelsea,Burnley,2,3,A,0,3,A,C Pawson,19,10,6,5,16,11,8,5,3,3,2,0,1.25,6.5,15.0,9,6.0526,4.3947,1.1053,1.7105,15.9474,9.9474,1.6316,0.9474,1.0000,1.0263
3,E0,12/08/17,Crystal Palace,Huddersfield,0,3,A,0,2,A,J Moss,14,8,4,6,7,19,12,9,1,3,0,0,1.83,3.6,5.0,9,5.5263,4.3421,1.8947,1.6316,12.5263,9.5263,1.1842,0.7368,1.4474,1.5263
4,E0,12/08/17,Everton,Stoke,1,0,H,1,0,H,N Swarbrick,9,9,4,1,13,10,6,7,1,1,0,0,1.7,3.8,5.75,9,3.9474,3.5789,1.3421,1.6316,9.4474,10.1053,1.1579,0.9211,1.5263,1.7895
5,E0,12/08/17,Southampton,Swansea,0,0,D,0,0,D,M Jones,29,4,2,0,10,13,13,0,2,1,0,0,1.62,4.0,6.5,9,5.9737,3.9474,1.6579,1.3421,11.8421,8.8947,0.9737,0.7368,1.4737,1.4737
6,E0,12/08/17,Watford,Liverpool,3,3,D,2,1,H,A Taylor,9,14,4,5,14,8,3,3,0,3,0,0,6.0,4.2,1.62,9,4.8158,6.0526,1.6579,1.1579,11.5789,16.7895,1.1579,2.2105,1.6842,1.0000
7,E0,12/08/17,West Brom,Bournemouth,1,0,H,1,0,H,R Madley,16,9,6,2,15,3,8,2,3,1,0,0,2.4,3.3,3.3,9,4.6316,5.7368,1.9211,1.4474,9.9474,12.2368,0.8158,1.1842,1.4737,1.6053
8,E0,13/08/17,Man United,West Ham,4,0,H,1,0,H,M Atkinson,22,9,6,1,19,7,11,1,2,2,0,0,1.3,5.75,12.0,9,5.7895,4.2368,1.6842,1.9211,13.4737,9.7895,1.7895,1.2632,0.7368,1.7895
9,E0,13/08/17,Newcastle,Tottenham,0,2,A,0,0,D,A Marriner,6,18,3,6,6,10,5,7,1,2,1,0,5.5,4.0,1.7,9,4.3947,6.4737,1.3684,1.3158,11.8684,16.3947,1.0263,1.9474,1.2368,0.9474
10,E0,19/08/17,Bournemouth,Watford,0,2,A,0,0,D,R East,6,19,2,7,6,14,8,5,1,3,0,0,2.0,3.6,4.0,9,5.7368,4.8158,1.4474,1.6579,12.2368,11.5789,1.1842,1.1579,1.6053,1.6842
11,E0,19/08/17,Burnley,West Brom,0,1,A,0,0,D,M Atkinson,20,8,0,1,11,11,5,5,1,0,0,1,2.63,3.2,3.0,9,4.3947,4.6316,1.7105,1.9211,9.9474,9.9474,0.9474,0.8158,1.0263,1.4737
12,E0,19/08/17,Leicester,Brighton,2,0,H,1,0,H,L Probert,14,5,4,2,8,10,6,2,1,0,0,0,1.73,3.8,5.5,9,5.3421,4.2895,1.3684,1.4211,11.1316,10.1053,1.4737,0.8947,1.5789,1.4211
13,E0,19/08/17,Liverpool,Crystal Palace,1,0,H,0,0,D,K Friend,23,4,13,1,12,13,4,2,1,3,0,0,1.36,5.25,9.5,9,6.0526,5.5263,1.1579,1.8947,16.7895,12.5263,2.2105,1.1842,1.0000,1.4474
14,E0,19/08/17,Southampton,West Ham,3,2,H,2,1,H,L Mason,14,16,5,8,18,10,7,2,1,1,0,1,1.75,3.8,5.25,9,5.9737,4.2368,1.6579,1.9211,11.8421,9.7895,0.9737,1.2632,1.4737,1.7895
15,E0,19/08/17,Stoke,Arsenal,1,0,H,0,0,D,A Marriner,11,18,4,6,6,11,2,9,0,0,0,0,4.5,3.8,1.85,9,3.5789,5.9211,1.6316,1.5000,10.1053,15.6316,0.9211,1.9474,1.7895,1.3421
16,E0,19/08/17,Swansea,Man United,0,4,A,0,1,A,J Moss,6,17,1,8,12,11,3,5,1,1,0,0,11.0,5.0,1.36,9,3.9474,5.7895,1.3421,1.6842,8.8947,13.4737,0.7368,1.7895,1.4737,0.7368
17,E0,20/08/17,Huddersfield,Newcastle,1,0,H,0,0,D,C Pawson,7,13,3,5,13,10,7,3,3,4,0,0,2.5,3.25,3.2,9,4.3421,4.3947,1.6316,1.3684,9.5263,11.8684,0.7368,1.0263,1.5263,1.2368
18,E0,20/08/17,Tottenham,Chelsea,1,2,A,0,1,A,A Taylor,18,9,6,2,14,21,14,3,3,3,0,0,2.1,3.6,3.75,9,6.4737,6.0526,1.3158,1.1053,16.3947,15.9474,1.9474,1.6316,0.9474,1.0000
19,E0,21/08/17,Man City,Everton,1,1,D,0,1,A,R Madley,19,7,6,2,7,9,7,1,1,2,1,1,1.33,5.75,10.0,9,7.4737,3.9474,1.5526,1.3421,17.5000,9.4474,2.7895,1.1579,0.7105,1.5263
20,E0,26/08/17,Bournemouth,Man City,1,2,A,1,1,D,M Dean,9,19,3,8,13,14,2,5,5,4,0,1,11.0,6.0,1.3,9,5.7368,7.4737,1.4474,1.5526,12.2368,17.5000,1.1842,2.7895,1.6053,0.7105
21,E0,26/08/17,Crystal Palace,Swansea,0,2,A,0,1,A,A Marriner,16,7,3,3,9,6,1,1,4,1,0,0,1.95,3.5,4.33,9,5.5263,3.9474,1.8947,1.3421,12.5263,8.8947,1.1842,0.7368,1.4474,1.4737
22,E0,26/08/17,Huddersfield,Southampton,0,0,D,0,0,D,S Attwell,16,6,6,3,10,10,5,4,0,1,0,0,3.9,3.4,2.1,9,4.3421,5.9737,1.6316,1.6579,9.5263,11.8421,0.7368,0.9737,1.5263,1.4737
23,E0,26/08/17,Man United,Leicester,2,0,H,0,0,D,M Oliver,22,11,7,4,8,7,9,3,1,2,0,0,1.33,5.5,11.0,9,5.7895,5.3421,1.6842,1.3684,13.4737,11.1316,1.7895,1.4737,0.7368,1.5789
24,E0,26/08/17,Newcastle,West Ham,3,0,H,1,0,H,N Swarbrick,16,8,8,3,17,11,7,5,1,3,0,0,2.3,3.4,3.4,9,4.3947,4.2368,1.3684,1.9211,11.8684,9.7895,1.0263,1.2632,1.2368,1.7895
25,E0,26/08/17,Watford,Brighton,0,0,D,0,0,D,G Scott,8,16,0,2,7,18,3,11,0,1,1,0,1.91,3.4,4.0,9,4.8158,4.2895,1.6579,1.4211,11.5789,10.1053,1.1579,0.8947,1.6842,1.4211
26,E0,27/08/17,Chelsea,Everton,2,0,H,2,0,H,J Moss,18,7,7,0,12,7,6,3,2,2,0,0,1.45,4.5,8.5,9,6.0526,3.9474,1.1053,1.3421,15.9474,9.4474,1.6316,1.1579,1.0000,1.5263
27,E0,27/08/17,Liverpool,Arsenal,4,0,H,2,0,H,C Pawson,18,8,10,0,6,9,4,3,2,4,0,0,2.15,3.7,3.5,9,6.0526,5.9211,1.1579,1.5000,16.7895,15.6316,2.2105,1.9474,1.0000,1.3421
28,E0,27/08/17,Tottenham,Burnley,1,1,D,0,0,D,L Mason,28,13,5,3,9,9,10,7,0,0,0,0,1.25,6.5,15.0,9,6.4737,4.3947,1.3158,1.7105,16.3947,9.9474,1.9474,0.9474,0.9474,1.0263
29,E0,27/08/17,West Brom,Stoke,1,1,D,0,0,D,A Taylor,10,16,2,2,10,9,10,4,2,2,0,0,2.4,3.1,3.5,9,4.6316,3.5789,1.9211,1.6316,9.9474,10.1053,0.8158,0.9211,1.4737,1.7895
30,E0,09/09/17,Arsenal,Bournemouth,3,0,H,2,0,H,A Taylor,15,6,8,1,14,8,8,2,0,1,0,0,1.36,5.5,9.0,9,5.9211,5.7368,1.5000,1.4474,15.6316,12.2368,1.9474,1.1842,1.3421,1.6053
31,E0,09/09/17,Brighton,West Brom,3,1,H,1,0,H,C Kavanagh,12,12,6,3,9,4,2,6,2,0,0,0,2.7,3.1,3.0,9,4.2895,4.6316,1.4211,1.9211,10.1053,9.9474,0.8947,0.8158,1.4211,1.4737
32,E0,09/09/17,Everton,Tottenham,0,3,A,0,2,A,G Scott,12,15,1,6,14,14,7,3,3,1,0,0,3.8,3.5,2.1,9,3.9474,6.4737,1.3421,1.3158,9.4474,16.3947,1.1579,1.9474,1.5263,0.9474
33,E0,09/09/17,Leicester,Chelsea,1,2,A,0,1,A,L Mason,8,16,2,6,11,8,2,9,1,0,0,0,4.75,3.9,1.8,9,5.3421,6.0526,1.3684,1.1053,11.1316,15.9474,1.4737,1.6316,1.5789,1.0000
34,E0,09/09/17,Man City,Liverpool,5,0,H,2,0,H,J Moss,13,10,7,3,10,9,8,3,2,2,0,1,1.85,4.0,4.2,9,7.4737,6.0526,1.5526,1.1579,17.5000,16.7895,2.7895,2.2105,0.7105,1.0000
35,E0,09/09/17,Southampton,Watford,0,2,A,0,1,A,L Probert,9,12,1,3,8,11,7,4,0,0,0,0,1.65,4.0,6.0,9,5.9737,4.8158,1.6579,1.6579,11.8421,11.5789,0.9737,1.1579,1.4737,1.6842
36,E0,09/09/17,Stoke,Man United,2,2,D,1,1,D,N Swarbrick,10,18,5,8,10,10,5,11,0,0,0,0,7.5,4.5,1.5,9,3.5789,5.7895,1.6316,1.6842,10.1053,13.4737,0.9211,1.7895,1.7895,0.7368
37,E0,10/09/17,Burnley,Crystal Palace,1,0,H,1,0,H,M Oliver,4,23,2,5,7,14,3,13,1,1,0,0,2.3,3.25,3.5,9,4.3947,5.5263,1.7105,1.8947,9.9474,12.5263,0.9474,1.1842,1.0263,1.4474
38,E0,10/09/17,Swansea,Newcastle,0,1,A,0,0,D,M Jones,10,16,4,8,11,15,7,5,2,3,0,0,2.4,3.25,3.3,9,3.9474,4.3947,1.3421,1.3684,8.8947,11.8684,0.7368,1.0263,1.4737,1.2368
39,E0,11/09/17,West Ham,Huddersfield,2,0,H,0,0,D,K Friend,19,10,3,2,11,14,10,3,1,2,0,0,1.95,3.5,4.5,9,4.2368,4.3421,1.9211,1.6316,9.7895,9.5263,1.2632,0.7368,1.7895,1.5263
40,E0,15/09/17,Bournemouth,Brighton,2,1,H,0,0,D,C Pawson,15,9,3,2,5,12,6,4,0,0,0,0,2.15,3.4,3.8,9,5.7368,4.2895,1.4474,1.4211,12.2368,10.1053,1.1842,0.8947,1.6053,1.4211
41,E0,16/09/17,Crystal Palace,Southampton,0,1,A,0,1,A,R Madley,14,13,3,4,14,13,5,5,5,1,0,0,3.0,3.3,2.6,9,5.5263,5.9737,1.8947,1.6579,12.5263,11.8421,1.1842,0.9737,1.4474,1.4737
42,E0,16/09/17,Huddersfield,Leicester,1,1,D,0,0,D,J Moss,15,10,3,1,6,6,8,4,1,1,0,0,3.5,3.4,2.25,9,4.3421,5.3421,1.6316,1.3684,9.5263,11.1316,0.7368,1.4737,1.5263,1.5789
43,E0,16/09/17,Liverpool,Burnley,1,1,D,1,1,D,R East,35,5,9,4,7,9,12,2,1,2,0,0,1.29,6.0,13.0,9,6.0526,4.3947,1.1579,1.7105,16.7895,9.9474,2.2105,0.9474,1.0000,1.0263
44,E0,16/09/17,Newcastle,Stoke,2,1,H,1,0,H,S Attwell,14,13,3,4,13,11,7,5,3,1,0,0,2.38,3.25,3.4,9,4.3947,3.5789,1.3684,1.6316,11.8684,10.1053,1.0263,0.9211,1.2368,1.7895
45,E0,16/09/17,Tottenham,Swansea,0,0,D,0,0,D,M Dean,26,4,8,0,11,9,11,1,1,3,0,0,1.22,7.0,15.0,9,6.4737,3.9474,1.3158,1.3421,16.3947,8.8947,1.9474,0.7368,0.9474,1.4737
46,E0,16/09/17,Watford,Man City,0,6,A,0,3,A,A Taylor,7,28,1,10,8,6,3,11,2,0,0,0,9.0,6.0,1.33,9,4.8158,7.4737,1.6579,1.5526,11.5789,17.5000,1.1579,2.7895,1.6842,0.7105
47,E0,16/09/17,West Brom,West Ham,0,0,D,0,0,D,P Tierney,6,9,1,1,15,7,2,3,2,2,0,0,2.38,3.25,3.4,9,4.6316,4.2368,1.9211,1.9211,9.9474,9.7895,0.8158,1.2632,1.4737,1.7895
48,E0,17/09/17,Chelsea,Arsenal,0,0,D,0,0,D,M Oliver,13,11,4,2,11,15,5,1,1,3,1,0,1.8,4.0,4.5,9,6.0526,5.9211,1.1053,1.5000,15.9474,15.6316,1.6316,1.9474,1.0000,1.3421
49,E0,17/09/17,Man United,Everton,4,0,H,1,0,H,A Marriner,16,7,7,3,15,14,4,1,1,1,0,0,1.36,5.25,10.0,9,5.7895,3.9474,1.6842,1.3421,13.4737,9.4474,1.7895,1.1579,0.7368,1.5263
50,E0,23/09/17,Burnley,Huddersfield,0,0,D,0,0,D,C Kavanagh,5,9,3,2,9,13,3,4,3,2,0,0,2.15,3.25,3.9,9,4.3947,4.3421,1.7105,1.6316,9.9474,9.5263,0.9474,0.7368,1.0263,1.5263
51,E0,23/09/17,Everton,Bournemouth,2,1,H,0,0,D,M Atkinson,12,8,4,4,12,11,4,6,3,1,0,0,1.65,4.0,5.75,9,3.9474,5.7368,1.3421,1.4474,9.4474,12.2368,1.1579,1.1842,1.5263,1.6053
52,E0,23/09/17,Leicester,Liverpool,2,3,A,1,2,A,A Taylor,12,23,7,6,13,14,3,6,3,3,0,0,4.1,3.9,1.91,9,5.3421,6.0526,1.3684,1.1579,11.1316,16.7895,1.4737,2.2105,1.5789,1.0000
53,E0,23/09/17,Man City,Crystal Palace,5,0,H,1,0,H,N Swarbrick,25,5,9,0,6,7,8,2,3,1,0,0,1.14,10.0,21.0,9,7.4737,5.5263,1.5526,1.8947,17.5000,12.5263,2.7895,1.1842,0.7105,1.4474
54,E0,23/09/17,Southampton,Man United,0,1,A,0,1,A,C Pawson,14,9,4,4,12,9,8,4,1,4,0,0,5.5,3.8,1.73,9,5.9737,5.7895,1.6579,1.6842,11.8421,13.4737,0.9737,1.7895,1.4737,0.7368
55,E0,23/09/17,Stoke,Chelsea,0,4,A,0,2,A,M Dean,13,7,2,4,5,14,5,0,2,2,0,0,6.0,4.1,1.62,9,3.5789,6.0526,1.6316,1.1053,10.1053,15.9474,0.9211,1.6316,1.7895,1.0000
56,E0,23/09/17,Swansea,Watford,1,2,A,0,1,A,L Mason,10,8,3,4,9,16,5,4,1,3,0,0,2.4,3.3,3.25,9,3.9474,4.8158,1.3421,1.6579,8.8947,11.5789,0.7368,1.1579,1.4737,1.6842
57,E0,23/09/17,West Ham,Tottenham,2,3,A,0,2,A,M Oliver,10,15,4,5,10,20,4,3,4,2,0,1,6.0,4.33,1.6,9,4.2368,6.4737,1.9211,1.3158,9.7895,16.3947,1.2632,1.9474,1.7895,0.9474
58,E0,24/09/17,Brighton,Newcastle,1,0,H,0,0,D,A Marriner,7,17,3,5,6,8,2,8,2,1,0,0,2.8,3.1,2.9,9,4.2895,4.3947,1.4211,1.3684,10.1053,11.8684,0.8947,1.0263,1.4211,1.2368
59,E0,25/09/17,Arsenal,West Brom,2,0,H,1,0,H,R Madley,16,7,6,3,8,17,7,4,1,4,0,0,1.33,5.5,11.0,9,5.9211,4.6316,1.5000,1.9211,15.6316,9.9474,1.9474,0.8158,1.3421,1.4737
60,E0,30/09/17,Bournemouth,Leicester,0,0,D,0,0,D,G Scott,19,8,4,1,6,10,7,5,1,0,0,0,2.8,3.25,2.5,9,5.7368,5.3421,1.4474,1.3684,12.2368,11.1316,1.1842,1.4737,1.6053,1.5789
61,E0,30/09/17,Chelsea,Man City,0,1,A,0,0,D,M Atkinson,4,17,2,6,8,13,4,8,0,2,0,0,2.75,3.3,2.5,9,6.0526,7.4737,1.1053,1.5526,15.9474,17.5000,1.6316,2.7895,1.0000,0.7105
62,E0,30/09/17,Huddersfield,Tottenham,0,4,A,0,3,A,N Swarbrick,6,14,1,7,7,4,4,7,1,1,0,0,8.5,4.75,1.36,9,4.3421,6.4737,1.6316,1.3158,9.5263,16.3947,0.7368,1.9474,1.5263,0.9474
63,E0,30/09/17,Man United,Crystal Palace,4,0,H,2,0,H,M Dean,18,6,7,1,6,9,6,5,0,0,0,0,1.17,7.0,15.0,9,5.7895,5.5263,1.6842,1.8947,13.4737,12.5263,1.7895,1.1842,0.7368,1.4474
64,E0,30/09/17,Stoke,Southampton,2,1,H,1,0,H,M Jones,17,21,6,3,11,10,5,6,1,2,0,0,2.88,3.2,2.45,9,3.5789,5.9737,1.6316,1.6579,10.1053,11.8421,0.9211,0.9737,1.7895,1.4737
65,E0,30/09/17,West Brom,Watford,2,2,D,2,1,H,M Oliver,9,15,4,3,12,11,7,6,3,0,0,0,2.15,3.2,3.5,9,4.6316,4.8158,1.9211,1.6579,9.9474,11.5789,0.8158,1.1579,1.4737,1.6842
66,E0,30/09/17,West Ham,Swansea,1,0,H,0,0,D,R East,9,6,4,1,15,13,2,1,3,2,0,0,1.8,3.5,4.5,9,4.2368,3.9474,1.9211,1.3421,9.7895,8.8947,1.2632,0.7368,1.7895,1.4737
67,E0,01/10/17,Arsenal,Brighton,2,0,H,1,0,H,K Friend,25,9,12,1,7,8,6,5,0,2,0,0,1.2,6.5,13.0,9,5.9211,4.2895,1.5000,1.4211,15.6316,10.1053,1.9474,0.8947,1.3421,1.4211
68,E0,01/10/17,Everton,Burnley,0,1,A,0,1,A,J Moss,23,5,4,2,14,7,9,3,2,2,0,0,1.67,3.6,5.75,9,3.9474,4.3947,1.3421,1.7105,9.4474,9.9474,1.1579,0.9474,1.5263,1.0263
69,E0,01/10/17,Newcastle,Liverpool,1,1,D,1,1,D,C Pawson,8,17,5,2,11,6,1,5,1,1,0,0,5.0,3.8,1.67,9,4.3947,6.0526,1.3684,1.1579,11.8684,16.7895,1.0263,2.2105,1.2368,1.0000
70,E0,14/10/17,Burnley,West Ham,1,1,D,0,1,A,S Attwell,20,8,5,6,11,14,7,4,2,2,0,1,2.75,3.25,2.8,9,4.3947,4.2368,1.7105,1.9211,9.9474,9.7895,0.9474,1.2632,1.0263,1.7895
71,E0,14/10/17,Crystal Palace,Chelsea,2,1,H,2,1,H,A Marriner,14,15,5,5,7,6,5,8,2,1,0,0,9.0,5.0,1.4,9,5.5263,6.0526,1.8947,1.1053,12.5263,15.9474,1.1842,1.6316,1.4474,1.0000
72,E0,14/10/17,Liverpool,Man United,0,0,D,0,0,D,M Atkinson,19,6,5,1,7,13,7,3,0,2,0,0,2.8,3.25,2.8,9,6.0526,5.7895,1.1579,1.6842,16.7895,13.4737,2.2105,1.7895,1.0000,0.7368
73,E0,14/10/17,Man City,Stoke,7,2,H,3,1,H,C Pawson,20,5,11,1,5,8,5,0,0,1,0,0,1.14,9.5,21.0,9,7.4737,3.5789,1.5526,1.6316,17.5000,10.1053,2.7895,0.9211,0.7105,1.7895
74,E0,14/10/17,Swansea,Huddersfield,2,0,H,1,0,H,P Tierney,7,7,3,2,12,16,5,3,1,5,0,0,2.2,3.25,3.75,9,3.9474,4.3421,1.3421,1.6316,8.8947,9.5263,0.7368,0.7368,1.4737,1.5263
75,E0,14/10/17,Tottenham,Bournemouth,1,0,H,0,0,D,R Madley,18,5,6,1,9,7,9,5,1,3,0,0,1.2,8.0,15.0,9,6.4737,5.7368,1.3158,1.4474,16.3947,12.2368,1.9474,1.1842,0.9474,1.6053
76,E0,14/10/17,Watford,Arsenal,2,1,H,0,1,A,N Swarbrick,11,9,2,6,8,10,2,5,1,0,0,0,5.25,4.33,1.65,9,4.8158,5.9211,1.6579,1.5000,11.5789,15.6316,1.1579,1.9474,1.6842,1.3421
77,E0,15/10/17,Brighton,Everton,1,1,D,0,0,D,M Oliver,12,13,3,6,12,10,7,1,4,1,0,0,3.25,3.3,2.4,9,4.2895,3.9474,1.4211,1.3421,10.1053,9.4474,0.8947,1.1579,1.4211,1.5263
78,E0,15/10/17,Southampton,Newcastle,2,2,D,0,1,A,K Friend,12,19,2,5,11,12,3,8,1,2,0,0,1.91,3.6,4.5,9,5.9737,4.3947,1.6579,1.3684,11.8421,11.8684,0.9737,1.0263,1.4737,1.2368
79,E0,16/10/17,Leicester,West Brom,1,1,D,0,0,D,M Dean,11,5,3,1,13,6,4,1,2,2,0,0,2.05,3.4,4.2,9,5.3421,4.6316,1.3684,1.9211,11.1316,9.9474,1.4737,0.8158,1.5789,1.4737
80,E0,20/10/17,West Ham,Brighton,0,3,A,0,2,A,M Atkinson,16,7,2,5,5,13,10,3,1,0,0,0,1.83,3.5,5.25,9,4.2368,4.2895,1.9211,1.4211,9.7895,10.1053,1.2632,0.8947,1.7895,1.4211
81,E0,21/10/17,Chelsea,Watford,4,2,H,1,1,D,J Moss,14,16,8,5,13,16,6,6,2,3,0,0,1.36,5.25,10.0,9,6.0526,4.8158,1.1053,1.6579,15.9474,11.5789,1.6316,1.1579,1.0000,1.6842
82,E0,21/10/17,Huddersfield,Man United,2,1,H,2,0,H,L Mason,5,9,3,3,10,12,4,7,4,2,0,0,11.0,5.0,1.36,9,4.3421,5.7895,1.6316,1.6842,9.5263,13.4737,0.7368,1.7895,1.5263,0.7368
83,E0,21/10/17,Man City,Burnley,3,0,H,1,0,H,R East,15,6,10,0,10,6,4,5,2,3,0,0,1.11,12.0,26.0,9,7.4737,4.3947,1.5526,1.7105,17.5000,9.9474,2.7895,0.9474,0.7105,1.0263
84,E0,21/10/17,Newcastle,Crystal Palace,1,0,H,0,0,D,S Attwell,7,10,3,0,12,14,3,5,4,2,0,0,2.0,3.5,4.2,9,4.3947,5.5263,1.3684,1.8947,11.8684,12.5263,1.0263,1.1842,1.2368,1.4474
85,E0,21/10/17,Southampton,West Brom,1,0,H,0,0,D,G Scott,20,7,6,2,10,8,8,3,0,1,0,0,1.85,3.39,5.25,9,5.9737,4.6316,1.6579,1.9211,11.8421,9.9474,0.9737,0.8158,1.4737,1.4737
86,E0,21/10/17,Stoke,Bournemouth,1,2,A,0,2,A,L Probert,10,7,2,3,17,10,8,3,0,1,0,0,2.14,3.5,3.6,9,3.5789,5.7368,1.6316,1.4474,10.1053,12.2368,0.9211,1.1842,1.7895,1.6053
87,E0,21/10/17,Swansea,Leicester,1,2,A,0,1,A,M Oliver,19,11,4,6,6,9,7,6,0,1,0,0,2.79,3.25,2.75,9,3.9474,5.3421,1.3421,1.3684,8.8947,11.1316,0.7368,1.4737,1.4737,1.5789
88,E0,22/10/17,Everton,Arsenal,2,5,A,1,1,D,C Pawson,8,30,3,14,14,14,0,7,1,1,1,0,3.79,3.6,2.04,9,3.9474,5.9211,1.3421,1.5000,9.4474,15.6316,1.1579,1.9474,1.5263,1.3421
89,E0,22/10/17,Tottenham,Liverpool,4,1,H,3,1,H,A Marriner,14,12,6,7,2,8,3,5,0,1,0,0,2.25,3.5,3.39,9,6.4737,6.0526,1.3158,1.1579,16.3947,16.7895,1.9474,2.2105,0.9474,1.0000
90,E0,28/10/17,Arsenal,Swansea,2,1,H,0,1,A,L Mason,17,4,5,2,9,9,5,2,0,0,0,0,1.25,7.0,12.0,9,5.9211,3.9474,1.5000,1.3421,15.6316,8.8947,1.9474,0.7368,1.3421,1.4737
91,E0,28/10/17,Bournemouth,Chelsea,0,1,A,0,0,D,C Pawson,7,18,1,5,5,5,5,5,2,0,0,0,6.0,4.2,1.61,9,5.7368,6.0526,1.4474,1.1053,12.2368,15.9474,1.1842,1.6316,1.6053,1.0000
92,E0,28/10/17,Crystal Palace,West Ham,2,2,D,0,2,A,R Madley,19,6,9,2,18,15,11,2,1,2,0,0,2.39,3.29,3.29,9,5.5263,4.2368,1.8947,1.9211,12.5263,9.7895,1.1842,1.2632,1.4474,1.7895
93,E0,28/10/17,Liverpool,Huddersfield,3,0,H,0,0,D,K Friend,16,1,8,0,10,8,9,2,0,1,0,0,1.25,6.75,13.0,9,6.0526,4.3421,1.1579,1.6316,16.7895,9.5263,2.2105,0.7368,1.0000,1.5263
94,E0,28/10/17,Man United,Tottenham,1,0,H,0,0,D,J Moss,11,13,3,4,12,14,6,3,1,0,0,0,2.14,3.39,3.79,9,5.7895,6.4737,1.6842,1.3158,13.4737,16.3947,1.7895,1.9474,0.7368,0.9474
95,E0,28/10/17,Watford,Stoke,0,1,A,0,1,A,M Oliver,13,6,0,2,10,9,8,1,4,4,0,0,2.04,3.6,3.79,9,4.8158,3.5789,1.6579,1.6316,11.5789,10.1053,1.1579,0.9211,1.6842,1.7895
96,E0,28/10/17,West Brom,Man City,2,3,A,1,2,A,M Jones,6,15,4,5,10,7,1,2,2,3,0,0,11.0,6.5,1.28,9,4.6316,7.4737,1.9211,1.5526,9.9474,17.5000,0.8158,2.7895,1.4737,0.7105
97,E0,29/10/17,Brighton,Southampton,1,1,D,0,1,A,N Swarbrick,7,6,2,1,9,10,2,7,3,1,0,0,3.29,3.2,2.45,9,4.2895,5.9737,1.4211,1.6579,10.1053,11.8421,0.8947,0.9737,1.4211,1.4737
98,E0,29/10/17,Leicester,Everton,2,0,H,2,0,H,A Marriner,9,16,3,2,6,10,3,10,0,2,0,0,2.14,3.39,3.75,9,5.3421,3.9474,1.3684,1.3421,11.1316,9.4474,1.4737,1.1579,1.5789,1.5263
99,E0,30/10/17,Burnley,Newcastle,1,0,H,0,0,D,M Dean,12,12,5,5,9,10,5,3,3,0,0,0,2.89,3.2,2.7,9,4.3947,4.3947,1.7105,1.3684,9.9474,11.8684,0.9474,1.0263,1.0263,1.2368
100,E0,04/11/17,Huddersfield,West Brom,1,0,H,1,0,H,R East,7,9,3,3,8,15,3,5,1,4,1,0,2.79,3.0,3.0,9,4.3421,4.6316,1.6316,1.9211,9.5263,9.9474,0.7368,0.8158,1.5263,1.4737
101,E0,04/11/17,Newcastle,Bournemouth,0,1,A,0,0,D,P Tierney,16,16,4,6,11,12,11,9,2,2,0,0,2.0,3.5,4.2,9,4.3947,5.7368,1.3684,1.4474,11.8684,12.2368,1.0263,1.1842,1.2368,1.6053
102,E0,04/11/17,Southampton,Burnley,0,1,A,0,0,D,L Probert,13,5,3,1,4,4,9,1,0,0,0,0,1.66,3.75,6.5,9,5.9737,4.3947,1.6579,1.7105,11.8421,9.9474,0.9737,0.9474,1.4737,1.0263
103,E0,04/11/17,Stoke,Leicester,2,2,D,1,1,D,R Madley,11,14,7,4,12,8,4,10,0,0,0,0,2.7,3.29,2.87,9,3.5789,5.3421,1.6316,1.3684,10.1053,11.1316,0.9211,1.4737,1.7895,1.5789
104,E0,04/11/17,Swansea,Brighton,0,1,A,0,1,A,M Dean,12,5,2,2,13,12,8,7,2,1,0,0,2.39,3.2,3.39,9,3.9474,4.2895,1.3421,1.4211,8.8947,10.1053,0.7368,0.8947,1.4737,1.4211
105,E0,04/11/17,West Ham,Liverpool,1,4,A,0,2,A,N Swarbrick,6,15,1,7,9,13,2,3,3,0,0,0,5.25,4.33,1.66,9,4.2368,6.0526,1.9211,1.1579,9.7895,16.7895,1.2632,2.2105,1.7895,1.0000
106,E0,05/11/17,Chelsea,Man United,1,0,H,0,0,D,A Taylor,18,10,8,2,16,20,4,7,1,3,0,0,2.5,3.2,3.2,9,6.0526,5.7895,1.1053,1.6842,15.9474,13.4737,1.6316,1.7895,1.0000,0.7368
107,E0,05/11/17,Everton,Watford,3,2,H,0,0,D,G Scott,10,11,5,3,14,12,2,5,0,2,0,0,2.2,3.39,3.6,9,3.9474,4.8158,1.3421,1.6579,9.4474,11.5789,1.1579,1.1579,1.5263,1.6842
108,E0,05/11/17,Man City,Arsenal,3,1,H,1,0,H,M Oliver,9,6,5,3,15,15,5,5,1,6,0,0,1.39,5.5,7.5,9,7.4737,5.9211,1.5526,1.5000,17.5000,15.6316,2.7895,1.9474,0.7105,1.3421
109,E0,05/11/17,Tottenham,Crystal Palace,1,0,H,0,0,D,K Friend,12,11,2,3,6,7,10,9,0,2,0,0,1.28,6.0,12.0,9,6.4737,5.5263,1.3158,1.8947,16.3947,12.5263,1.9474,1.1842,0.9474,1.4474
110,E0,18/11/17,Arsenal,Tottenham,2,0,H,2,0,H,M Dean,14,14,5,4,11,16,7,4,4,1,0,0,2.5,3.6,2.89,9,5.9211,6.4737,1.5000,1.3158,15.6316,16.3947,1.9474,1.9474,1.3421,0.9474
111,E0,18/11/17,Bournemouth,Huddersfield,4,0,H,2,0,H,L Probert,11,20,5,3,13,10,8,11,3,2,1,0,1.83,3.5,5.25,9,5.7368,4.3421,1.4474,1.6316,12.2368,9.5263,1.1842,0.7368,1.6053,1.5263
112,E0,18/11/17,Burnley,Swansea,2,0,H,2,0,H,M Atkinson,16,13,7,1,12,12,8,6,1,1,0,0,2.14,3.2,4.0,9,4.3947,3.9474,1.7105,1.3421,9.9474,8.8947,0.9474,0.7368,1.0263,1.4737
113,E0,18/11/17,Crystal Palace,Everton,2,2,D,2,2,D,A Taylor,16,8,7,5,9,26,9,4,2,3,0,0,2.39,3.25,3.29,9,5.5263,3.9474,1.8947,1.3421,12.5263,9.4474,1.1842,1.1579,1.4474,1.5263
114,E0,18/11/17,Leicester,Man City,0,2,A,0,1,A,G Scott,2,12,0,4,8,10,1,7,1,1,0,0,9.5,5.75,1.33,9,5.3421,7.4737,1.3684,1.5526,11.1316,17.5000,1.4737,2.7895,1.5789,0.7105
115,E0,18/11/17,Liverpool,Southampton,3,0,H,2,0,H,M Jones,21,5,8,0,15,9,10,2,1,1,0,0,1.39,5.0,9.0,9,6.0526,5.9737,1.1579,1.6579,16.7895,11.8421,2.2105,0.9737,1.0000,1.4737
116,E0,18/11/17,Man United,Newcastle,4,1,H,2,1,H,C Pawson,16,12,7,5,10,9,11,4,1,1,0,0,1.28,5.75,13.0,9,5.7895,4.3947,1.6842,1.3684,13.4737,11.8684,1.7895,1.0263,0.7368,1.2368
117,E0,18/11/17,West Brom,Chelsea,0,4,A,0,3,A,J Moss,7,11,2,7,13,12,3,4,2,3,0,0,6.5,4.0,1.61,9,4.6316,6.0526,1.9211,1.1053,9.9474,15.9474,0.8158,1.6316,1.4737,1.0000
118,E0,19/11/17,Watford,West Ham,2,0,H,1,0,H,A Marriner,17,10,7,6,13,10,3,1,1,4,0,0,2.1,3.5,3.75,9,4.8158,4.2368,1.6579,1.9211,11.5789,9.7895,1.1579,1.2632,1.6842,1.7895
119,E0,20/11/17,Brighton,Stoke,2,2,D,1,2,A,L Mason,9,13,3,6,13,5,6,7,1,0,0,0,2.39,3.2,3.39,9,4.2895,3.5789,1.4211,1.6316,10.1053,10.1053,0.8947,0.9211,1.4211,1.7895
120,E0,24/11/17,West Ham,Leicester,1,1,D,1,1,D,M Atkinson,8,7,4,2,9,12,5,5,1,1,0,0,2.7,3.39,2.75,9,4.2368,5.3421,1.9211,1.3684,9.7895,11.1316,1.2632,1.4737,1.7895,1.5789
121,E0,25/11/17,Crystal Palace,Stoke,2,1,H,0,0,D,M Dean,10,9,5,3,9,5,5,2,1,1,0,0,2.04,3.5,4.0,9,5.5263,3.5789,1.8947,1.6316,12.5263,10.1053,1.1842,0.9211,1.4474,1.7895
122,E0,25/11/17,Liverpool,Chelsea,1,1,D,0,0,D,M Oliver,16,11,4,3,10,7,7,8,0,0,0,0,2.14,3.6,3.5,9,6.0526,6.0526,1.1579,1.1053,16.7895,15.9474,2.2105,1.6316,1.0000,1.0000
123,E0,25/11/17,Man United,Brighton,1,0,H,0,0,D,N Swarbrick,15,8,4,2,9,9,5,0,0,2,0,0,1.19,7.0,19.0,9,5.7895,4.2895,1.6842,1.4211,13.4737,10.1053,1.7895,0.8947,0.7368,1.4211
124,E0,25/11/17,Newcastle,Watford,0,3,A,0,2,A,C Kavanagh,12,12,2,4,8,13,6,3,1,2,0,0,2.2,3.5,3.5,9,4.3947,4.8158,1.3684,1.6579,11.8684,11.5789,1.0263,1.1579,1.2368,1.6842
125,E0,25/11/17,Swansea,Bournemouth,0,0,D,0,0,D,S Attwell,10,9,1,5,18,6,4,5,4,2,0,0,2.79,3.25,2.79,9,3.9474,5.7368,1.3421,1.4474,8.8947,12.2368,0.7368,1.1842,1.4737,1.6053
126,E0,25/11/17,Tottenham,West Brom,1,1,D,0,1,A,M Jones,24,5,5,2,10,13,8,0,1,4,0,0,1.25,6.0,16.0,9,6.4737,4.6316,1.3158,1.9211,16.3947,9.9474,1.9474,0.8158,0.9474,1.4737
127,E0,26/11/17,Burnley,Arsenal,0,1,A,0,0,D,L Mason,8,17,2,2,8,14,5,5,2,0,0,0,6.5,4.5,1.53,9,4.3947,5.9211,1.7105,1.5000,9.9474,15.6316,0.9474,1.9474,1.0263,1.3421
128,E0,26/11/17,Huddersfield,Man City,1,2,A,1,0,H,C Pawson,4,14,0,5,10,10,3,7,2,3,1,0,17.0,8.0,1.18,9,4.3421,7.4737,1.6316,1.5526,9.5263,17.5000,0.7368,2.7895,1.5263,0.7105
129,E0,26/11/17,Southampton,Everton,4,1,H,1,1,D,K Friend,17,5,5,2,6,13,7,2,0,0,0,0,1.9,3.39,4.75,9,5.9737,3.9474,1.6579,1.3421,11.8421,9.4474,0.9737,1.1579,1.4737,1.5263
130,E0,28/11/17,Brighton,Crystal Palace,0,0,D,0,0,D,A Marriner,10,10,4,4,13,8,10,5,2,0,0,0,2.7,3.1,3.0,9,4.2895,5.5263,1.4211,1.8947,10.1053,12.5263,0.8947,1.1842,1.4211,1.4474
131,E0,28/11/17,Leicester,Tottenham,2,1,H,2,0,H,A Taylor,7,18,4,6,7,10,4,9,1,2,0,0,5.0,3.89,1.75,9,5.3421,6.4737,1.3684,1.3158,11.1316,16.3947,1.4737,1.9474,1.5789,0.9474
132,E0,28/11/17,Watford,Man United,2,4,A,0,3,A,J Moss,12,15,3,7,12,10,5,5,2,1,0,0,5.25,3.89,1.72,9,4.8158,5.7895,1.6579,1.6842,11.5789,13.4737,1.1579,1.7895,1.6842,0.7368
133,E0,28/11/17,West Brom,Newcastle,2,2,D,1,0,H,L Probert,8,14,4,4,13,12,1,6,0,0,0,0,2.37,3.1,3.5,9,4.6316,4.3947,1.9211,1.3684,9.9474,11.8684,0.8158,1.0263,1.4737,1.2368
134,E0,29/11/17,Arsenal,Huddersfield,5,0,H,1,0,H,G Scott,21,7,7,2,10,12,7,2,0,1,0,0,1.19,7.5,17.0,9,5.9211,4.3421,1.5000,1.6316,15.6316,9.5263,1.9474,0.7368,1.3421,1.5263
135,E0,29/11/17,Bournemouth,Burnley,1,2,A,0,1,A,R East,10,10,2,4,9,11,4,6,0,1,0,0,2.0,3.39,4.33,9,5.7368,4.3947,1.4474,1.7105,12.2368,9.9474,1.1842,0.9474,1.6053,1.0263
136,E0,29/11/17,Chelsea,Swansea,1,0,H,0,0,D,N Swarbrick,21,2,10,0,10,7,15,1,1,0,0,0,1.18,8.0,17.0,9,6.0526,3.9474,1.1053,1.3421,15.9474,8.8947,1.6316,0.7368,1.0000,1.4737
137,E0,29/11/17,Everton,West Ham,4,0,H,2,0,H,M Oliver,8,7,5,3,16,6,2,6,2,1,0,0,2.37,3.29,3.29,9,3.9474,4.2368,1.3421,1.9211,9.4474,9.7895,1.1579,1.2632,1.5263,1.7895
138,E0,29/11/17,Man City,Southampton,2,1,H,0,0,D,P Tierney,26,7,12,2,12,11,6,5,1,1,0,0,1.19,8.0,15.0,9,7.4737,5.9737,1.5526,1.6579,17.5000,11.8421,2.7895,0.9737,0.7105,1.4737
139,E0,29/11/17,Stoke,Liverpool,0,3,A,0,1,A,M Atkinson,10,14,1,7,8,10,5,9,1,5,0,0,6.5,4.5,1.55,9,3.5789,6.0526,1.6316,1.1579,10.1053,16.7895,0.9211,2.2105,1.7895,1.0000
140,E0,02/12/17,Arsenal,Man United,1,3,A,0,2,A,A Marriner,33,8,15,4,11,10,12,1,3,2,0,1,2.5,3.39,3.0,9,5.9211,5.7895,1.5000,1.6842,15.6316,13.4737,1.9474,1.7895,1.3421,0.7368
141,E0,02/12/17,Brighton,Liverpool,1,5,A,0,2,A,G Scott,6,12,2,6,8,7,2,2,1,0,0,0,7.5,4.5,1.5,9,4.2895,6.0526,1.4211,1.1579,10.1053,16.7895,0.8947,2.2105,1.4211,1.0000
142,E0,02/12/17,Chelsea,Newcastle,3,1,H,2,1,H,K Friend,23,8,9,2,8,13,11,4,0,1,0,0,1.25,6.5,15.0,9,6.0526,4.3947,1.1053,1.3684,15.9474,11.8684,1.6316,1.0263,1.0000,1.2368
143,E0,02/12/17,Everton,Huddersfield,2,0,H,0,0,D,C Kavanagh,6,5,4,3,12,9,2,5,2,1,0,0,1.72,3.79,5.5,9,3.9474,4.3421,1.3421,1.6316,9.4474,9.5263,1.1579,0.7368,1.5263,1.5263
144,E0,02/12/17,Leicester,Burnley,1,0,H,1,0,H,P Tierney,16,14,3,4,3,11,10,7,0,2,0,0,1.83,3.6,5.0,9,5.3421,4.3947,1.3684,1.7105,11.1316,9.9474,1.4737,0.9474,1.5789,1.0263
145,E0,02/12/17,Stoke,Swansea,2,1,H,2,1,H,C Pawson,10,10,3,3,12,10,2,6,2,0,0,0,1.95,3.39,4.5,9,3.5789,3.9474,1.6316,1.3421,10.1053,8.8947,0.9211,0.7368,1.7895,1.4737
146,E0,02/12/17,Watford,Tottenham,1,1,D,1,1,D,M Atkinson,6,8,2,2,16,8,7,2,4,1,0,1,5.0,4.0,1.72,9,4.8158,6.4737,1.6579,1.3158,11.5789,16.3947,1.1579,1.9474,1.6842,0.9474
147,E0,02/12/17,West Brom,Crystal Palace,0,0,D,0,0,D,M Oliver,20,10,6,2,11,10,3,7,3,1,0,0,2.5,3.2,3.2,9,4.6316,5.5263,1.9211,1.8947,9.9474,12.5263,0.8158,1.1842,1.4737,1.4474
148,E0,03/12/17,Bournemouth,Southampton,1,1,D,1,0,H,J Moss,16,15,5,4,6,12,5,4,2,1,0,0,2.89,3.25,2.39,9,5.7368,5.9737,1.4474,1.6579,12.2368,11.8421,1.1842,0.9737,1.6053,1.4737
149,E0,03/12/17,Man City,West Ham,2,1,H,0,1,A,M Dean,24,7,8,4,5,7,10,4,2,2,0,0,1.08,11.0,21.0,9,7.4737,4.2368,1.5526,1.9211,17.5000,9.7895,2.7895,1.2632,0.7105,1.7895
150,E0,09/12/17,Burnley,Watford,1,0,H,1,0,H,L Probert,8,11,5,2,10,12,3,5,1,0,0,1,2.6,3.25,3.0,9,4.3947,4.8158,1.7105,1.6579,9.9474,11.5789,0.9474,1.1579,1.0263,1.6842
151,E0,09/12/17,Crystal Palace,Bournemouth,2,2,D,2,2,D,K Friend,24,11,8,5,14,14,6,3,5,2,0,0,2.04,3.5,4.0,9,5.5263,5.7368,1.8947,1.4474,12.5263,12.2368,1.1842,1.1842,1.4474,1.6053
152,E0,09/12/17,Huddersfield,Brighton,2,0,H,2,0,H,S Attwell,19,7,6,2,6,10,8,1,0,0,0,0,2.7,3.1,3.0,9,4.3421,4.2895,1.6316,1.4211,9.5263,10.1053,0.7368,0.8947,1.5263,1.4211
153,E0,09/12/17,Newcastle,Leicester,2,3,A,1,1,D,N Swarbrick,10,13,4,5,10,9,6,5,2,1,0,0,2.62,3.29,2.89,9,4.3947,5.3421,1.3684,1.3684,11.8684,11.1316,1.0263,1.4737,1.2368,1.5789
154,E0,09/12/17,Swansea,West Brom,1,0,H,0,0,D,M Dean,18,7,3,1,8,18,6,3,2,5,0,0,2.7,3.1,3.0,9,3.9474,4.6316,1.3421,1.9211,8.8947,9.9474,0.7368,0.8158,1.4737,1.4737
155,E0,09/12/17,Tottenham,Stoke,5,1,H,1,0,H,R East,20,4,11,3,12,9,12,6,1,0,0,0,1.28,6.5,11.0,9,6.4737,3.5789,1.3158,1.6316,16.3947,10.1053,1.9474,0.9211,0.9474,1.7895
156,E0,09/12/17,West Ham,Chelsea,1,0,H,1,0,H,A Taylor,5,19,2,2,10,10,4,3,6,1,0,0,7.5,4.5,1.5,9,4.2368,6.0526,1.9211,1.1053,9.7895,15.9474,1.2632,1.6316,1.7895,1.0000
157,E0,10/12/17,Liverpool,Everton,1,1,D,1,0,H,C Pawson,23,3,3,2,8,11,12,1,1,3,0,0,1.3,6.0,11.0,9,6.0526,3.9474,1.1579,1.3421,16.7895,9.4474,2.2105,1.1579,1.0000,1.5263
158,E0,10/12/17,Man United,Man City,1,2,A,1,1,D,M Oliver,8,14,5,7,16,10,2,8,4,2,0,0,3.39,3.5,2.25,9,5.7895,7.4737,1.6842,1.5526,13.4737,17.5000,1.7895,2.7895,0.7368,0.7105
159,E0,10/12/17,Southampton,Arsenal,1,1,D,1,0,H,R Madley,6,11,3,6,12,10,4,5,2,2,0,0,4.0,3.75,1.95,9,5.9737,5.9211,1.6579,1.5000,11.8421,15.6316,0.9737,1.9474,1.4737,1.3421
160,E0,12/12/17,Burnley,Stoke,1,0,H,0,0,D,M Jones,10,14,2,7,6,14,6,4,0,0,0,0,2.29,3.2,3.6,9,4.3947,3.5789,1.7105,1.6316,9.9474,10.1053,0.9474,0.9211,1.0263,1.7895
161,E0,12/12/17,Crystal Palace,Watford,2,1,H,0,1,A,L Mason,14,7,4,2,14,18,4,6,2,1,0,1,2.29,3.5,3.25,9,5.5263,4.8158,1.8947,1.6579,12.5263,11.5789,1.1842,1.1579,1.4474,1.6842
162,E0,12/12/17,Huddersfield,Chelsea,1,3,A,0,2,A,A Marriner,7,12,2,5,11,4,1,3,0,0,0,0,9.0,4.5,1.44,9,4.3421,6.0526,1.6316,1.1053,9.5263,15.9474,0.7368,1.6316,1.5263,1.0000
163,E0,13/12/17,Liverpool,West Brom,0,0,D,0,0,D,P Tierney,14,6,5,1,16,6,5,7,1,0,0,0,1.22,7.0,15.0,9,6.0526,4.6316,1.1579,1.9211,16.7895,9.9474,2.2105,0.8158,1.0000,1.4737
164,E0,13/12/17,Man United,Bournemouth,1,0,H,1,0,H,G Scott,9,14,2,7,14,12,4,9,1,2,0,0,1.28,6.0,12.0,9,5.7895,5.7368,1.6842,1.4474,13.4737,12.2368,1.7895,1.1842,0.7368,1.6053
165,E0,13/12/17,Newcastle,Everton,0,1,A,0,1,A,M Atkinson,16,7,4,4,10,11,4,1,1,2,1,0,2.39,3.29,3.25,9,4.3947,3.9474,1.3684,1.3421,11.8684,9.4474,1.0263,1.1579,1.2368,1.5263
166,E0,13/12/17,Southampton,Leicester,1,4,A,0,3,A,C Kavanagh,12,16,4,11,13,9,9,9,1,0,0,0,2.1,3.39,3.89,9,5.9737,5.3421,1.6579,1.3684,11.8421,11.1316,0.9737,1.4737,1.4737,1.5789
167,E0,13/12/17,Swansea,Man City,0,4,A,0,2,A,A Taylor,7,23,3,10,12,6,2,5,0,0,0,0,15.0,6.5,1.25,9,3.9474,7.4737,1.3421,1.5526,8.8947,17.5000,0.7368,2.7895,1.4737,0.7105
168,E0,13/12/17,Tottenham,Brighton,2,0,H,1,0,H,R Madley,25,7,8,4,5,10,10,2,1,1,0,0,1.25,6.5,15.0,9,6.4737,4.2895,1.3158,1.4211,16.3947,10.1053,1.9474,0.8947,0.9474,1.4211
169,E0,13/12/17,West Ham,Arsenal,0,0,D,0,0,D,J Moss,6,22,0,3,9,9,1,7,1,0,0,0,5.25,4.2,1.66,9,4.2368,5.9211,1.9211,1.5000,9.7895,15.6316,1.2632,1.9474,1.7895,1.3421
170,E0,16/12/17,Arsenal,Newcastle,1,0,H,1,0,H,S Attwell,23,10,5,2,13,9,7,5,2,1,0,0,1.25,6.5,14.0,9,5.9211,4.3947,1.5000,1.3684,15.6316,11.8684,1.9474,1.0263,1.3421,1.2368
171,E0,16/12/17,Brighton,Burnley,0,0,D,0,0,D,C Kavanagh,12,11,2,6,13,13,8,2,4,2,0,0,2.62,3.0,3.2,9,4.2895,4.3947,1.4211,1.7105,10.1053,9.9474,0.8947,0.9474,1.4211,1.0263
172,E0,16/12/17,Chelsea,Southampton,1,0,H,1,0,H,R East,24,6,8,2,8,16,8,4,1,3,0,0,1.39,5.0,9.0,9,6.0526,5.9737,1.1053,1.6579,15.9474,11.8421,1.6316,0.9737,1.0000,1.4737
173,E0,16/12/17,Leicester,Crystal Palace,0,3,A,0,2,A,M Atkinson,11,13,2,6,12,13,6,4,2,2,1,0,1.89,3.6,4.5,9,5.3421,5.5263,1.3684,1.8947,11.1316,12.5263,1.4737,1.1842,1.5789,1.4474
174,E0,16/12/17,Man City,Tottenham,4,1,H,1,0,H,C Pawson,20,7,11,2,13,20,5,1,2,4,0,0,1.55,4.59,6.0,9,7.4737,6.4737,1.5526,1.3158,17.5000,16.3947,2.7895,1.9474,0.7105,0.9474
175,E0,16/12/17,Stoke,West Ham,0,3,A,0,1,A,G Scott,17,14,0,7,12,13,7,9,2,1,0,0,2.29,3.29,3.5,9,3.5789,4.2368,1.6316,1.9211,10.1053,9.7895,0.9211,1.2632,1.7895,1.7895
176,E0,16/12/17,Watford,Huddersfield,1,4,A,0,2,A,M Oliver,13,15,3,9,12,17,8,7,2,1,1,1,1.8,3.75,5.0,9,4.8158,4.3421,1.6579,1.6316,11.5789,9.5263,1.1579,0.7368,1.6842,1.5263
177,E0,17/12/17,Bournemouth,Liverpool,0,4,A,0,3,A,A Marriner,6,21,2,7,5,10,2,3,1,1,0,0,6.5,4.5,1.53,9,5.7368,6.0526,1.4474,1.1579,12.2368,16.7895,1.1842,2.2105,1.6053,1.0000
178,E0,17/12/17,West Brom,Man United,1,2,A,0,2,A,A Taylor,12,8,5,3,14,7,6,3,1,3,0,0,6.5,4.0,1.6,9,4.6316,5.7895,1.9211,1.6842,9.9474,13.4737,0.8158,1.7895,1.4737,0.7368
179,E0,18/12/17,Everton,Swansea,3,1,H,1,1,D,J Moss,12,8,7,3,12,12,6,3,2,3,0,0,1.72,3.75,5.5,9,3.9474,3.9474,1.3421,1.3421,9.4474,8.8947,1.1579,0.7368,1.5263,1.4737
180,E0,22/12/17,Arsenal,Liverpool,3,3,D,0,1,A,M Atkinson,11,14,4,9,9,11,7,8,1,0,0,0,2.54,3.6,2.79,9,5.9211,6.0526,1.5000,1.1579,15.6316,16.7895,1.9474,2.2105,1.3421,1.0000
181,E0,23/12/17,Brighton,Watford,1,0,H,0,0,D,P Tierney,14,13,3,1,8,11,6,4,0,0,0,0,2.62,3.2,3.0,9,4.2895,4.8158,1.4211,1.6579,10.1053,11.5789,0.8947,1.1579,1.4211,1.6842
182,E0,23/12/17,Burnley,Tottenham,0,3,A,0,1,A,M Oliver,5,18,2,8,10,10,4,4,1,2,0,0,7.0,4.2,1.55,9,4.3947,6.4737,1.7105,1.3158,9.9474,16.3947,0.9474,1.9474,1.0263,0.9474
183,E0,23/12/17,Everton,Chelsea,0,0,D,0,0,D,R Madley,5,25,0,8,8,4,2,7,3,0,0,0,6.0,3.89,1.66,9,3.9474,6.0526,1.3421,1.1053,9.4474,15.9474,1.1579,1.6316,1.5263,1.0000
184,E0,23/12/17,Leicester,Man United,2,2,D,1,1,D,J Moss,11,19,3,6,19,8,4,6,2,2,1,0,4.5,3.6,1.9,9,5.3421,5.7895,1.3684,1.6842,11.1316,13.4737,1.4737,1.7895,1.5789,0.7368
185,E0,23/12/17,Man City,Bournemouth,4,0,H,1,0,H,M Jones,14,5,5,1,8,7,4,6,0,1,0,0,1.12,11.0,23.0,9,7.4737,5.7368,1.5526,1.4474,17.5000,12.2368,2.7895,1.1842,0.7105,1.6053
186,E0,23/12/17,Southampton,Huddersfield,1,1,D,1,0,H,L Probert,12,10,6,3,16,9,9,1,2,1,0,0,1.61,3.89,6.5,9,5.9737,4.3421,1.6579,1.6316,11.8421,9.5263,0.9737,0.7368,1.4737,1.5263
187,E0,23/12/17,Stoke,West Brom,3,1,H,2,0,H,N Swarbrick,9,17,5,7,9,11,1,11,1,0,0,0,2.29,3.25,3.5,9,3.5789,4.6316,1.6316,1.9211,10.1053,9.9474,0.9211,0.8158,1.7895,1.4737
188,E0,23/12/17,Swansea,Crystal Palace,1,1,D,0,0,D,C Pawson,7,13,2,5,13,11,6,3,2,3,0,0,3.29,3.2,2.45,9,3.9474,5.5263,1.3421,1.8947,8.8947,12.5263,0.7368,1.1842,1.4737,1.4474
189,E0,23/12/17,West Ham,Newcastle,2,3,A,1,1,D,L Mason,19,11,6,4,9,12,6,3,1,1,0,0,2.1,3.39,3.89,9,4.2368,4.3947,1.9211,1.3684,9.7895,11.8684,1.2632,1.0263,1.7895,1.2368
190,E0,26/12/17,Bournemouth,West Ham,3,3,D,1,1,D,S Attwell,26,10,10,5,12,14,7,4,3,4,0,0,2.79,3.29,2.75,9,5.7368,4.2368,1.4474,1.9211,12.2368,9.7895,1.1842,1.2632,1.6053,1.7895
191,E0,26/12/17,Chelsea,Brighton,2,0,H,0,0,D,M Dean,25,8,8,1,8,8,13,1,0,1,0,0,1.19,7.5,17.0,9,6.0526,4.2895,1.1053,1.4211,15.9474,10.1053,1.6316,0.8947,1.0000,1.4211
192,E0,26/12/17,Huddersfield,Stoke,1,1,D,1,0,H,A Taylor,18,15,8,7,9,12,8,5,2,4,0,0,2.5,3.2,3.2,9,4.3421,3.5789,1.6316,1.6316,9.5263,10.1053,0.7368,0.9211,1.5263,1.7895
193,E0,26/12/17,Liverpool,Swansea,5,0,H,1,0,H,K Friend,22,7,9,4,5,8,4,2,0,1,0,0,1.16,9.0,19.0,9,6.0526,3.9474,1.1579,1.3421,16.7895,8.8947,2.2105,0.7368,1.0000,1.4737
194,E0,26/12/17,Man United,Burnley,2,2,D,0,2,A,M Atkinson,23,3,6,2,10,14,12,2,3,7,0,0,1.25,6.5,15.0,9,5.7895,4.3947,1.6842,1.7105,13.4737,9.9474,1.7895,0.9474,0.7368,1.0263
195,E0,26/12/17,Tottenham,Southampton,5,2,H,2,0,H,G Scott,16,16,7,6,8,15,3,8,0,2,0,0,1.36,5.25,10.0,9,6.4737,5.9737,1.3158,1.6579,16.3947,11.8421,1.9474,0.9737,0.9474,1.4737
196,E0,26/12/17,Watford,Leicester,2,1,H,1,1,D,C Kavanagh,11,11,1,5,7,13,8,8,3,3,0,0,2.54,3.5,2.87,9,4.8158,5.3421,1.6579,1.3684,11.5789,11.1316,1.1579,1.4737,1.6842,1.5789
197,E0,26/12/17,West Brom,Everton,0,0,D,0,0,D,R East,17,7,3,3,14,13,10,2,2,0,0,0,2.54,3.2,3.1,9,4.6316,3.9474,1.9211,1.3421,9.9474,9.4474,0.8158,1.1579,1.4737,1.5263
198,E0,27/12/17,Newcastle,Man City,0,1,A,0,1,A,A Marriner,6,22,2,6,11,6,3,8,1,0,0,0,13.0,6.75,1.25,9,4.3947,7.4737,1.3684,1.5526,11.8684,17.5000,1.0263,2.7895,1.2368,0.7105
199,E0,28/12/17,Crystal Palace,Arsenal,2,3,A,0,1,A,M Oliver,16,16,2,9,12,7,5,4,0,1,0,0,4.5,4.0,1.8,9,5.5263,5.9211,1.8947,1.5000,12.5263,15.6316,1.1842,1.9474,1.4474,1.3421
200,E0,30/12/17,Bournemouth,Everton,2,1,H,1,0,H,L Probert,19,6,7,1,8,13,4,4,0,0,0,0,2.37,3.29,3.29,9,5.7368,3.9474,1.4474,1.3421,12.2368,9.4474,1.1842,1.1579,1.6053,1.5263
201,E0,30/12/17,Chelsea,Stoke,5,0,H,3,0,H,K Friend,21,1,12,1,5,10,7,0,1,1,0,0,1.16,8.5,19.0,9,6.0526,3.5789,1.1053,1.6316,15.9474,10.1053,1.6316,0.9211,1.0000,1.7895
202,E0,30/12/17,Huddersfield,Burnley,0,0,D,0,0,D,P Tierney,3,11,1,4,14,14,5,4,2,1,0,0,2.37,3.1,3.5,9,4.3421,4.3947,1.6316,1.7105,9.5263,9.9474,0.7368,0.9474,1.5263,1.0263
203,E0,30/12/17,Liverpool,Leicester,2,1,H,0,1,A,N Swarbrick,17,7,6,1,7,3,7,1,3,2,0,0,1.3,6.0,11.0,9,6.0526,5.3421,1.1579,1.3684,16.7895,11.1316,2.2105,1.4737,1.0000,1.5789
204,E0,30/12/17,Man United,Southampton,0,0,D,0,0,D,C Pawson,15,8,3,3,12,13,10,7,2,4,0,0,1.36,5.5,9.0,9,5.7895,5.9737,1.6842,1.6579,13.4737,11.8421,1.7895,0.9737,0.7368,1.4737
205,E0,30/12/17,Newcastle,Brighton,0,0,D,0,0,D,A Taylor,11,10,2,3,11,10,3,6,2,2,0,0,2.14,3.2,4.0,9,4.3947,4.2895,1.3684,1.4211,11.8684,10.1053,1.0263,0.8947,1.2368,1.4211
206,E0,30/12/17,Watford,Swansea,1,2,A,1,0,H,M Atkinson,9,9,4,4,14,13,1,8,4,2,0,0,1.66,3.79,6.0,9,4.8158,3.9474,1.6579,1.3421,11.5789,8.8947,1.1579,0.7368,1.6842,1.4737
207,E0,31/12/17,Crystal Palace,Man City,0,0,D,0,0,D,J Moss,10,15,1,4,14,11,7,8,5,4,0,0,11.0,6.5,1.28,9,5.5263,7.4737,1.8947,1.5526,12.5263,17.5000,1.1842,2.7895,1.4474,0.7105
208,E0,31/12/17,West Brom,Arsenal,1,1,D,0,0,D,M Dean,14,14,3,4,14,9,5,6,3,3,0,0,5.0,4.0,1.72,9,4.6316,5.9211,1.9211,1.5000,9.9474,15.6316,0.8158,1.9474,1.4737,1.3421
209,E0,01/01/18,Brighton,Bournemouth,2,2,D,1,1,D,M Oliver,15,26,6,8,13,9,5,12,2,1,0,0,2.37,3.2,3.39,9,4.2895,5.7368,1.4211,1.4474,10.1053,12.2368,0.8947,1.1842,1.4211,1.6053
210,E0,01/01/18,Burnley,Liverpool,1,2,A,0,0,D,R East,13,19,4,5,4,12,3,9,0,0,0,0,7.5,4.5,1.5,9,4.3947,6.0526,1.7105,1.1579,9.9474,16.7895,0.9474,2.2105,1.0263,1.0000
211,E0,01/01/18,Everton,Man United,0,2,A,0,0,D,A Marriner,12,21,0,6,11,10,6,6,2,0,0,0,5.5,3.5,1.8,9,3.9474,5.7895,1.3421,1.6842,9.4474,13.4737,1.1579,1.7895,1.5263,0.7368
212,E0,01/01/18,Leicester,Huddersfield,3,0,H,0,0,D,G Scott,11,6,5,1,7,9,4,1,1,1,0,0,1.66,3.79,6.0,9,5.3421,4.3421,1.3684,1.6316,11.1316,9.5263,1.4737,0.7368,1.5789,1.5263
213,E0,01/01/18,Stoke,Newcastle,0,1,A,0,0,D,C Kavanagh,11,14,4,6,10,11,10,5,3,1,0,0,2.29,3.29,3.5,9,3.5789,4.3947,1.6316,1.3684,10.1053,11.8684,0.9211,1.0263,1.7895,1.2368
214,E0,02/01/18,Man City,Watford,3,1,H,2,0,H,L Mason,17,7,7,4,8,12,9,1,1,1,0,0,1.12,8.5,19.0,9,7.4737,4.8158,1.5526,1.6579,17.5000,11.5789,2.7895,1.1579,0.7105,1.6842
215,E0,02/01/18,Southampton,Crystal Palace,1,2,A,1,0,H,S Attwell,10,11,3,4,8,11,4,7,0,1,0,0,1.9,3.39,4.0,9,5.9737,5.5263,1.6579,1.8947,11.8421,12.5263,0.9737,1.1842,1.4737,1.4474
216,E0,02/01/18,Swansea,Tottenham,0,2,A,0,1,A,R Madley,8,12,1,5,12,9,6,5,2,2,0,0,12.0,4.75,1.3,9,3.9474,6.4737,1.3421,1.3158,8.8947,16.3947,0.7368,1.9474,1.4737,0.9474
217,E0,02/01/18,West Ham,West Brom,2,1,H,0,1,A,M Jones,13,10,5,3,12,12,3,4,3,2,0,0,1.9,3.39,4.09,9,4.2368,4.6316,1.9211,1.9211,9.7895,9.9474,1.2632,0.8158,1.7895,1.4737
218,E0,03/01/18,Arsenal,Chelsea,2,2,D,0,0,D,A Taylor,14,19,6,6,11,11,10,8,3,2,0,0,2.6,3.39,2.6,9,5.9211,6.0526,1.5000,1.1053,15.6316,15.9474,1.9474,1.6316,1.3421,1.0000
219,E0,04/01/18,Tottenham,West Ham,1,1,D,0,0,D,M Dean,31,3,8,1,10,6,7,1,0,2,0,0,1.25,6.0,10.0,9,6.4737,4.2368,1.3158,1.9211,16.3947,9.7895,1.9474,1.2632,0.9474,1.7895
220,E0,13/01/18,Chelsea,Leicester,0,0,D,0,0,D,M Jones,17,14,7,1,14,13,6,3,2,2,0,1,1.3,5.75,12.0,9,6.0526,5.3421,1.1053,1.3684,15.9474,11.1316,1.6316,1.4737,1.0000,1.5789
221,E0,13/01/18,Crystal Palace,Burnley,1,0,H,1,0,H,M Oliver,17,8,2,2,16,10,3,2,0,3,0,0,2.0,3.29,4.5,9,5.5263,4.3947,1.8947,1.7105,12.5263,9.9474,1.1842,0.9474,1.4474,1.0263
222,E0,13/01/18,Huddersfield,West Ham,1,4,A,1,1,D,J Moss,8,8,2,6,7,9,7,3,1,1,0,0,2.62,3.1,3.1,9,4.3421,4.2368,1.6316,1.9211,9.5263,9.7895,0.7368,1.2632,1.5263,1.7895
223,E0,13/01/18,Newcastle,Swansea,1,1,D,0,0,D,G Scott,12,8,4,5,11,10,4,5,0,3,0,0,1.95,3.39,4.5,9,4.3947,3.9474,1.3684,1.3421,11.8684,8.8947,1.0263,0.7368,1.2368,1.4737
224,E0,13/01/18,Tottenham,Everton,4,0,H,1,0,H,C Pawson,20,7,10,0,11,15,3,3,0,2,0,0,1.28,6.0,13.0,9,6.4737,3.9474,1.3158,1.3421,16.3947,9.4474,1.9474,1.1579,0.9474,1.5263
225,E0,13/01/18,Watford,Southampton,2,2,D,0,2,A,R East,16,10,4,4,11,13,5,4,0,5,0,0,2.5,3.39,3.0,9,4.8158,5.9737,1.6579,1.6579,11.5789,11.8421,1.1579,0.9737,1.6842,1.4737
226,E0,13/01/18,West Brom,Brighton,2,0,H,1,0,H,M Atkinson,15,13,4,1,8,15,9,6,0,0,0,0,2.14,3.0,4.33,9,4.6316,4.2895,1.9211,1.4211,9.9474,10.1053,0.8158,0.8947,1.4737,1.4211
227,E0,14/01/18,Bournemouth,Arsenal,2,1,H,0,0,D,K Friend,13,12,5,3,8,10,4,5,2,2,0,0,4.75,4.2,1.75,9,5.7368,5.9211,1.4474,1.5000,12.2368,15.6316,1.1842,1.9474,1.6053,1.3421
228,E0,14/01/18,Liverpool,Man City,4,3,H,1,1,D,A Marriner,16,11,7,4,10,7,5,6,2,3,0,0,3.1,3.75,2.29,9,6.0526,7.4737,1.1579,1.5526,16.7895,17.5000,2.2105,2.7895,1.0000,0.7105
229,E0,15/01/18,Man United,Stoke,3,0,H,2,0,H,A Taylor,20,11,9,5,14,10,6,1,2,1,0,0,1.22,7.0,15.0,9,5.7895,3.5789,1.6842,1.6316,13.4737,10.1053,1.7895,0.9211,0.7368,1.7895
230,E0,20/01/18,Arsenal,Crystal Palace,4,1,H,4,0,H,C Kavanagh,16,9,10,5,6,8,5,10,0,0,0,0,1.5,4.75,7.0,9,5.9211,5.5263,1.5000,1.8947,15.6316,12.5263,1.9474,1.1842,1.3421,1.4474
231,E0,20/01/18,Brighton,Chelsea,0,4,A,0,2,A,J Moss,10,14,3,10,12,5,5,3,3,0,0,0,6.5,3.89,1.61,9,4.2895,6.0526,1.4211,1.1053,10.1053,15.9474,0.8947,1.6316,1.4211,1.0000
232,E0,20/01/18,Burnley,Man United,0,1,A,0,0,D,M Dean,13,12,2,2,7,12,5,4,3,3,0,0,7.5,3.89,1.57,9,4.3947,5.7895,1.7105,1.6842,9.9474,13.4737,0.9474,1.7895,1.0263,0.7368
233,E0,20/01/18,Everton,West Brom,1,1,D,0,1,A,S Attwell,9,15,4,5,15,10,0,3,2,1,0,0,2.14,3.2,4.0,9,3.9474,4.6316,1.3421,1.9211,9.4474,9.9474,1.1579,0.8158,1.5263,1.4737
234,E0,20/01/18,Leicester,Watford,2,0,H,1,0,H,L Probert,9,11,5,3,11,10,4,5,0,0,0,0,1.85,3.89,4.33,9,5.3421,4.8158,1.3684,1.6579,11.1316,11.5789,1.4737,1.1579,1.5789,1.6842
235,E0,20/01/18,Man City,Newcastle,3,1,H,1,0,H,P Tierney,21,6,9,4,5,10,18,0,0,1,0,0,1.12,10.0,26.0,9,7.4737,4.3947,1.5526,1.3684,17.5000,11.8684,2.7895,1.0263,0.7105,1.2368
236,E0,20/01/18,Stoke,Huddersfield,2,0,H,0,0,D,M Oliver,11,6,6,3,18,13,3,2,1,1,0,0,2.04,3.39,4.09,9,3.5789,4.3421,1.6316,1.6316,10.1053,9.5263,0.9211,0.7368,1.7895,1.5263
237,E0,20/01/18,West Ham,Bournemouth,1,1,D,0,0,D,M Atkinson,12,8,4,3,8,7,6,3,3,1,0,0,2.0,3.6,4.0,9,4.2368,5.7368,1.9211,1.4474,9.7895,12.2368,1.2632,1.1842,1.7895,1.6053
238,E0,21/01/18,Southampton,Tottenham,1,1,D,1,1,D,K Friend,10,17,4,2,8,15,2,9,2,3,0,0,5.75,4.09,1.64,9,5.9737,6.4737,1.6579,1.3158,11.8421,16.3947,0.9737,1.9474,1.4737,0.9474
239,E0,22/01/18,Swansea,Liverpool,1,0,H,1,0,H,N Swarbrick,3,21,2,4,5,9,3,9,0,2,0,0,12.0,5.75,1.3,9,3.9474,6.0526,1.3421,1.1579,8.8947,16.7895,0.7368,2.2105,1.4737,1.0000
240,E0,30/01/18,Huddersfield,Liverpool,0,3,A,0,2,A,K Friend,5,14,1,7,8,8,1,4,0,0,0,0,12.0,5.75,1.3,9,4.3421,6.0526,1.6316,1.1579,9.5263,16.7895,0.7368,2.2105,1.5263,1.0000
241,E0,30/01/18,Swansea,Arsenal,3,1,H,1,1,D,L Mason,12,9,4,4,4,8,4,3,0,3,0,0,7.0,4.59,1.5,9,3.9474,5.9211,1.3421,1.5000,8.8947,15.6316,0.7368,1.9474,1.4737,1.3421
242,E0,30/01/18,West Ham,Crystal Palace,1,1,D,1,1,D,N Swarbrick,8,9,3,3,11,15,5,3,1,3,0,0,3.1,3.25,2.54,9,4.2368,5.5263,1.9211,1.8947,9.7895,12.5263,1.2632,1.1842,1.7895,1.4474
243,E0,31/01/18,Chelsea,Bournemouth,0,3,A,0,0,D,L Probert,21,11,5,5,5,12,8,5,1,0,0,0,1.28,6.5,11.0,9,6.0526,5.7368,1.1053,1.4474,15.9474,12.2368,1.6316,1.1842,1.0000,1.6053
244,E0,31/01/18,Everton,Leicester,2,1,H,2,0,H,C Kavanagh,9,8,4,1,9,10,5,5,0,2,0,0,3.0,3.2,2.62,9,3.9474,5.3421,1.3421,1.3684,9.4474,11.1316,1.1579,1.4737,1.5263,1.5789
245,E0,31/01/18,Man City,West Brom,3,0,H,1,0,H,R Madley,19,3,10,1,10,10,9,1,1,3,0,0,1.14,10.0,21.0,9,7.4737,4.6316,1.5526,1.9211,17.5000,9.9474,2.7895,0.8158,0.7105,1.4737
246,E0,31/01/18,Newcastle,Burnley,1,1,D,0,0,D,S Hooper,14,11,4,2,15,15,7,4,1,2,0,0,2.2,3.2,3.89,9,4.3947,4.3947,1.3684,1.7105,11.8684,9.9474,1.0263,0.9474,1.2368,1.0263
247,E0,31/01/18,Southampton,Brighton,1,1,D,0,1,A,M Dean,18,9,3,2,8,10,7,2,3,1,0,0,1.75,3.5,6.0,9,5.9737,4.2895,1.6579,1.4211,11.8421,10.1053,0.9737,0.8947,1.4737,1.4211
248,E0,31/01/18,Stoke,Watford,0,0,D,0,0,D,J Moss,11,12,4,2,12,12,2,6,4,3,0,0,2.25,3.5,3.39,9,3.5789,4.8158,1.6316,1.6579,10.1053,11.5789,0.9211,1.1579,1.7895,1.6842
249,E0,31/01/18,Tottenham,Man United,2,0,H,2,0,H,A Marriner,22,6,6,3,10,13,6,3,2,2,0,0,2.35,3.29,3.39,9,6.4737,5.7895,1.3158,1.6842,16.3947,13.4737,1.9474,1.7895,0.9474,0.7368
250,E0,03/02/18,Arsenal,Everton,5,1,H,4,0,H,N Swarbrick,15,11,7,2,8,8,4,6,2,0,0,0,1.3,5.75,12.0,9,5.9211,3.9474,1.5000,1.3421,15.6316,9.4474,1.9474,1.1579,1.3421,1.5263
251,E0,03/02/18,Bournemouth,Stoke,2,1,H,0,1,A,P Tierney,15,13,8,4,14,19,8,1,2,3,0,0,1.9,3.7,4.33,9,5.7368,3.5789,1.4474,1.6316,12.2368,10.1053,1.1842,0.9211,1.6053,1.7895
252,E0,03/02/18,Brighton,West Ham,3,1,H,1,1,D,R East,21,4,5,1,11,7,4,1,3,1,0,0,2.35,3.0,3.7,9,4.2895,4.2368,1.4211,1.9211,10.1053,9.7895,0.8947,1.2632,1.4211,1.7895
253,E0,03/02/18,Burnley,Man City,1,1,D,0,1,A,M Atkinson,8,20,3,7,9,6,3,13,4,1,0,0,13.0,6.0,1.28,9,4.3947,7.4737,1.7105,1.5526,9.9474,17.5000,0.9474,2.7895,1.0263,0.7105
254,E0,03/02/18,Leicester,Swansea,1,1,D,1,0,H,A Taylor,13,3,5,1,9,8,3,3,1,0,0,0,1.8,3.6,5.25,9,5.3421,3.9474,1.3684,1.3421,11.1316,8.8947,1.4737,0.7368,1.5789,1.4737
255,E0,03/02/18,Man United,Huddersfield,2,0,H,0,0,D,S Attwell,16,4,7,0,5,19,5,2,2,4,0,0,1.16,8.5,19.0,9,5.7895,4.3421,1.6842,1.6316,13.4737,9.5263,1.7895,0.7368,0.7368,1.5263
256,E0,03/02/18,West Brom,Southampton,2,3,A,1,2,A,M Oliver,9,13,3,5,12,10,5,7,2,1,0,0,2.54,3.2,3.1,9,4.6316,5.9737,1.9211,1.6579,9.9474,11.8421,0.8158,0.9737,1.4737,1.4737
257,E0,04/02/18,Crystal Palace,Newcastle,1,1,D,0,1,A,A Marriner,21,11,6,8,11,8,5,6,1,1,0,0,2.04,3.39,4.2,9,5.5263,4.3947,1.8947,1.3684,12.5263,11.8684,1.1842,1.0263,1.4474,1.2368
258,E0,04/02/18,Liverpool,Tottenham,2,2,D,1,0,H,J Moss,9,13,3,6,15,9,3,7,3,1,0,0,2.1,3.75,3.6,9,6.0526,6.4737,1.1579,1.3158,16.7895,16.3947,2.2105,1.9474,1.0000,0.9474
259,E0,05/02/18,Watford,Chelsea,4,1,H,1,0,H,M Dean,21,7,8,3,11,8,6,2,2,2,0,1,6.25,4.0,1.61,9,4.8158,6.0526,1.6579,1.1053,11.5789,15.9474,1.1579,1.6316,1.6842,1.0000
260,E0,10/02/18,Everton,Crystal Palace,3,1,H,0,0,D,J Moss,11,16,5,4,14,15,8,7,1,1,0,0,2.25,3.25,3.2,9,3.9474,5.5263,1.3421,1.8947,9.4474,12.5263,1.1579,1.1842,1.5263,1.4474
261,E0,10/02/18,Man City,Leicester,5,1,H,1,1,D,M Jones,19,2,11,2,10,12,8,2,2,3,0,0,1.19,6.5,13.0,9,7.4737,5.3421,1.5526,1.3684,17.5000,11.1316,2.7895,1.4737,0.7105,1.5789
262,E0,10/02/18,Stoke,Brighton,1,1,D,0,1,A,R Madley,15,14,3,6,6,10,7,4,0,0,0,0,2.2,3.2,3.39,9,3.5789,4.2895,1.6316,1.4211,10.1053,10.1053,0.9211,0.8947,1.7895,1.4211
263,E0,10/02/18,Swansea,Burnley,1,0,H,0,0,D,A Marriner,12,13,4,1,10,9,5,2,2,1,0,0,2.37,3.0,3.25,9,3.9474,4.3947,1.3421,1.7105,8.8947,9.9474,0.7368,0.9474,1.4737,1.0263
264,E0,10/02/18,Tottenham,Arsenal,1,0,H,0,0,D,A Taylor,18,6,6,1,13,9,10,2,2,1,0,0,2.0,3.6,3.5,9,6.4737,5.9211,1.3158,1.5000,16.3947,15.6316,1.9474,1.9474,0.9474,1.3421
265,E0,10/02/18,West Ham,Watford,2,0,H,1,0,H,G Scott,8,11,4,4,11,7,8,7,1,1,0,0,2.5,3.29,2.79,9,4.2368,4.8158,1.9211,1.6579,9.7895,11.5789,1.2632,1.1579,1.7895,1.6842
266,E0,11/02/18,Huddersfield,Bournemouth,4,1,H,2,1,H,M Oliver,15,7,4,2,12,12,2,6,0,3,0,0,3.25,3.2,2.25,9,4.3421,5.7368,1.6316,1.4474,9.5263,12.2368,0.7368,1.1842,1.5263,1.6053
267,E0,11/02/18,Newcastle,Man United,1,0,H,0,0,D,C Pawson,10,13,3,6,12,15,0,10,0,2,0,0,5.5,3.75,1.61,9,4.3947,5.7895,1.3684,1.6842,11.8684,13.4737,1.0263,1.7895,1.2368,0.7368
268,E0,11/02/18,Southampton,Liverpool,0,2,A,0,2,A,M Atkinson,6,16,4,4,5,8,3,1,1,2,0,0,4.2,3.79,1.8,9,5.9737,6.0526,1.6579,1.1579,11.8421,16.7895,0.9737,2.2105,1.4737,1.0000
269,E0,12/02/18,Chelsea,West Brom,3,0,H,1,0,H,L Mason,20,8,8,1,11,11,8,7,0,2,0,0,1.36,4.75,8.0,9,6.0526,4.6316,1.1053,1.9211,15.9474,9.9474,1.6316,0.8158,1.0000,1.4737
270,E0,24/02/18,Bournemouth,Newcastle,2,2,D,0,2,A,R East,18,15,5,4,12,10,8,1,1,4,0,0,2.1,3.5,3.79,9,5.7368,4.3947,1.4474,1.3684,12.2368,11.8684,1.1842,1.0263,1.6053,1.2368
271,E0,24/02/18,Brighton,Swansea,4,1,H,1,0,H,M Dean,16,11,5,1,17,6,3,5,1,0,0,0,2.14,3.25,4.0,9,4.2895,3.9474,1.4211,1.3421,10.1053,8.8947,0.8947,0.7368,1.4211,1.4737
272,E0,24/02/18,Burnley,Southampton,1,1,D,0,0,D,R Madley,9,13,3,6,8,14,7,5,1,0,0,0,2.89,3.1,2.79,9,4.3947,5.9737,1.7105,1.6579,9.9474,11.8421,0.9474,0.9737,1.0263,1.4737
273,E0,24/02/18,Leicester,Stoke,1,1,D,0,1,A,M Oliver,19,6,9,2,10,16,13,1,1,3,0,0,1.72,3.89,5.25,9,5.3421,3.5789,1.3684,1.6316,11.1316,10.1053,1.4737,0.9211,1.5789,1.7895
274,E0,24/02/18,Liverpool,West Ham,4,1,H,1,0,H,S Attwell,21,7,12,4,7,7,8,2,0,2,0,0,1.22,7.5,13.0,9,6.0526,4.2368,1.1579,1.9211,16.7895,9.7895,2.2105,1.2632,1.0000,1.7895
275,E0,24/02/18,Watford,Everton,1,0,H,0,0,D,A Taylor,13,7,5,2,10,9,6,5,3,1,0,0,2.25,3.39,3.5,9,4.8158,3.9474,1.6579,1.3421,11.5789,9.4474,1.1579,1.1579,1.6842,1.5263
276,E0,24/02/18,West Brom,Huddersfield,1,2,A,0,0,D,J Moss,10,16,3,7,11,9,6,3,1,1,0,0,1.95,3.29,4.75,9,4.6316,4.3421,1.9211,1.6316,9.9474,9.5263,0.8158,0.7368,1.4737,1.5263
277,E0,25/02/18,Crystal Palace,Tottenham,0,1,A,0,0,D,K Friend,5,14,3,4,12,5,2,13,0,1,0,0,7.5,4.5,1.5,9,5.5263,6.4737,1.8947,1.3158,12.5263,16.3947,1.1842,1.9474,1.4474,0.9474
278,E0,25/02/18,Man United,Chelsea,2,1,H,1,1,D,M Atkinson,10,14,5,7,13,12,3,4,2,2,0,0,2.29,3.25,3.5,9,5.7895,6.0526,1.6842,1.1053,13.4737,15.9474,1.7895,1.6316,0.7368,1.0000
279,E0,01/03/18,Arsenal,Man City,0,3,A,0,3,A,A Marriner,10,9,5,5,11,11,6,1,1,1,0,0,4.5,4.0,1.72,9,5.9211,7.4737,1.5000,1.5526,15.6316,17.5000,1.9474,2.7895,1.3421,0.7105
280,E0,03/03/18,Burnley,Everton,2,1,H,0,1,A,C Kavanagh,21,10,8,4,9,12,10,4,1,1,0,1,2.5,3.1,3.29,9,4.3947,3.9474,1.7105,1.3421,9.9474,9.4474,0.9474,1.1579,1.0263,1.5263
281,E0,03/03/18,Leicester,Bournemouth,1,1,D,0,1,A,L Probert,23,8,4,3,11,7,13,1,2,1,0,0,1.85,3.75,4.5,9,5.3421,5.7368,1.3684,1.4474,11.1316,12.2368,1.4737,1.1842,1.5789,1.6053
282,E0,03/03/18,Liverpool,Newcastle,2,0,H,1,0,H,G Scott,14,7,3,2,7,9,8,3,0,0,0,0,1.22,7.0,15.0,9,6.0526,4.3947,1.1579,1.3684,16.7895,11.8684,2.2105,1.0263,1.0000,1.2368
283,E0,03/03/18,Southampton,Stoke,0,0,D,0,0,D,A Taylor,18,12,6,3,8,13,15,4,0,1,0,0,1.75,3.75,5.25,9,5.9737,3.5789,1.6579,1.6316,11.8421,10.1053,0.9737,0.9211,1.4737,1.7895
284,E0,03/03/18,Swansea,West Ham,4,1,H,2,0,H,M Atkinson,9,7,8,2,9,14,4,5,0,3,0,0,2.6,3.25,3.0,9,3.9474,4.2368,1.3421,1.9211,8.8947,9.7895,0.7368,1.2632,1.4737,1.7895
285,E0,03/03/18,Tottenham,Huddersfield,2,0,H,1,0,H,K Friend,15,3,7,3,6,8,8,1,1,1,0,0,1.19,7.5,17.0,9,6.4737,4.3421,1.3158,1.6316,16.3947,9.5263,1.9474,0.7368,0.9474,1.5263
286,E0,03/03/18,Watford,West Brom,1,0,H,0,0,D,P Tierney,15,9,4,2,11,12,4,6,2,0,0,0,2.14,3.29,3.89,9,4.8158,4.6316,1.6579,1.9211,11.5789,9.9474,1.1579,0.8158,1.6842,1.4737
287,E0,04/03/18,Brighton,Arsenal,2,1,H,2,1,H,S Attwell,13,15,6,7,13,12,6,11,3,3,0,0,4.2,3.79,1.9,9,4.2895,5.9211,1.4211,1.5000,10.1053,15.6316,0.8947,1.9474,1.4211,1.3421
288,E0,04/03/18,Man City,Chelsea,1,0,H,0,0,D,M Oliver,13,3,3,0,8,9,5,2,2,1,0,0,1.61,4.2,6.0,9,7.4737,6.0526,1.5526,1.1053,17.5000,15.9474,2.7895,1.6316,0.7105,1.0000
289,E0,05/03/18,Crystal Palace,Man United,2,3,A,1,0,H,N Swarbrick,10,17,4,8,10,8,3,7,1,3,0,0,7.0,4.0,1.57,9,5.5263,5.7895,1.8947,1.6842,12.5263,13.4737,1.1842,1.7895,1.4474,0.7368
290,E0,10/03/18,Chelsea,Crystal Palace,2,1,H,2,0,H,A Taylor,27,9,11,2,8,9,12,3,1,2,0,0,1.3,5.75,12.0,9,6.0526,5.5263,1.1053,1.8947,15.9474,12.5263,1.6316,1.1842,1.0000,1.4474
291,E0,10/03/18,Everton,Brighton,2,0,H,0,0,D,R East,13,10,3,4,10,14,10,3,0,1,0,1,2.2,3.2,3.89,9,3.9474,4.2895,1.3421,1.4211,9.4474,10.1053,1.1579,0.8947,1.5263,1.4211
292,E0,10/03/18,Huddersfield,Swansea,0,0,D,0,0,D,M Oliver,30,0,4,0,9,9,12,0,2,3,0,1,2.54,3.1,3.2,9,4.3421,3.9474,1.6316,1.3421,9.5263,8.8947,0.7368,0.7368,1.5263,1.4737
293,E0,10/03/18,Man United,Liverpool,2,1,H,2,0,H,C Pawson,5,14,2,2,10,16,1,13,2,1,0,0,2.75,3.39,2.75,9,5.7895,6.0526,1.6842,1.1579,13.4737,16.7895,1.7895,2.2105,0.7368,1.0000
294,E0,10/03/18,Newcastle,Southampton,3,0,H,2,0,H,A Marriner,7,6,5,2,10,10,2,6,0,2,0,0,2.79,3.2,2.79,9,4.3947,5.9737,1.3684,1.6579,11.8684,11.8421,1.0263,0.9737,1.2368,1.4737
295,E0,10/03/18,West Brom,Leicester,1,4,A,1,1,D,R Madley,6,14,2,6,6,7,7,6,1,3,0,0,3.0,3.25,2.6,9,4.6316,5.3421,1.9211,1.3684,9.9474,11.1316,0.8158,1.4737,1.4737,1.5789
296,E0,10/03/18,West Ham,Burnley,0,3,A,0,0,D,L Mason,13,7,4,4,13,7,5,1,2,2,0,0,2.29,3.2,3.6,9,4.2368,4.3947,1.9211,1.7105,9.7895,9.9474,1.2632,0.9474,1.7895,1.0263
297,E0,11/03/18,Arsenal,Watford,3,0,H,1,0,H,M Atkinson,11,11,7,4,12,9,4,9,2,1,0,0,1.44,5.0,7.5,9,5.9211,4.8158,1.5000,1.6579,15.6316,11.5789,1.9474,1.1579,1.3421,1.6842
298,E0,11/03/18,Bournemouth,Tottenham,1,4,A,1,1,D,M Dean,14,12,3,8,10,7,4,5,1,1,0,0,6.5,4.5,1.55,9,5.7368,6.4737,1.4474,1.3158,12.2368,16.3947,1.1842,1.9474,1.6053,0.9474
299,E0,12/03/18,Stoke,Man City,0,2,A,0,1,A,J Moss,3,17,0,6,6,8,3,10,1,0,0,0,15.0,6.5,1.25,9,3.5789,7.4737,1.6316,1.5526,10.1053,17.5000,0.9211,2.7895,1.7895,0.7105
300,E0,17/03/18,Bournemouth,West Brom,2,1,H,0,0,D,G Scott,17,11,5,6,6,9,3,2,1,2,0,0,1.83,3.6,5.0,9,5.7368,4.6316,1.4474,1.9211,12.2368,9.9474,1.1842,0.8158,1.6053,1.4737
301,E0,17/03/18,Huddersfield,Crystal Palace,0,2,A,0,1,A,M Dean,6,17,2,6,11,12,4,7,3,2,0,0,3.0,3.1,2.7,9,4.3421,5.5263,1.6316,1.8947,9.5263,12.5263,0.7368,1.1842,1.5263,1.4474
302,E0,17/03/18,Liverpool,Watford,5,0,H,2,0,H,A Taylor,13,4,10,1,5,4,6,1,1,0,0,0,1.19,8.0,15.0,9,6.0526,4.8158,1.1579,1.6579,16.7895,11.5789,2.2105,1.1579,1.0000,1.6842
303,E0,17/03/18,Stoke,Everton,1,2,A,0,0,D,M Atkinson,9,17,4,9,13,12,1,9,1,1,1,0,2.5,3.29,3.1,9,3.5789,3.9474,1.6316,1.3421,10.1053,9.4474,0.9211,1.1579,1.7895,1.5263
304,E0,31/03/18,Brighton,Leicester,0,2,A,0,0,D,C Kavanagh,15,6,3,4,11,13,6,1,2,4,0,1,2.7,3.2,2.62,9,4.2895,5.3421,1.4211,1.3684,10.1053,11.1316,0.8947,1.4737,1.4211,1.5789
305,E0,31/03/18,Crystal Palace,Liverpool,1,2,A,1,0,H,N Swarbrick,6,16,3,6,6,8,4,6,2,2,0,0,7.0,4.33,1.44,9,5.5263,6.0526,1.8947,1.1579,12.5263,16.7895,1.1842,2.2105,1.4474,1.0000
306,E0,31/03/18,Everton,Man City,1,3,A,0,3,A,P Tierney,6,18,2,4,10,8,2,11,0,0,0,0,9.0,5.0,1.33,9,3.9474,7.4737,1.3421,1.5526,9.4474,17.5000,1.1579,2.7895,1.5263,0.7105
307,E0,31/03/18,Man United,Swansea,2,0,H,2,0,H,R Madley,11,3,5,2,5,13,3,3,0,0,0,0,1.25,6.0,10.0,9,5.7895,3.9474,1.6842,1.3421,13.4737,8.8947,1.7895,0.7368,0.7368,1.4737
308,E0,31/03/18,Newcastle,Huddersfield,1,0,H,0,0,D,M Atkinson,18,4,3,0,9,10,3,3,1,4,0,0,1.75,3.39,5.0,9,4.3947,4.3421,1.3684,1.6316,11.8684,9.5263,1.0263,0.7368,1.2368,1.5263
309,E0,31/03/18,Watford,Bournemouth,2,2,D,1,1,D,A Marriner,16,13,5,6,16,6,7,4,4,0,0,0,2.29,3.29,3.1,9,4.8158,5.7368,1.6579,1.4474,11.5789,12.2368,1.1579,1.1842,1.6842,1.6053
310,E0,31/03/18,West Brom,Burnley,1,2,A,0,1,A,L Probert,8,11,3,4,12,9,1,6,1,3,0,0,2.5,3.0,3.1,9,4.6316,4.3947,1.9211,1.7105,9.9474,9.9474,0.8158,0.9474,1.4737,1.0263
311,E0,31/03/18,West Ham,Southampton,3,0,H,3,0,H,J Moss,13,9,5,0,9,16,5,9,0,3,0,0,2.7,3.25,2.6,9,4.2368,5.9737,1.9211,1.6579,9.7895,11.8421,1.2632,0.9737,1.7895,1.4737
312,E0,01/04/18,Arsenal,Stoke,3,0,H,0,0,D,C Pawson,24,8,11,2,9,13,6,5,1,2,0,0,1.28,5.5,10.0,9,5.9211,3.5789,1.5000,1.6316,15.6316,10.1053,1.9474,0.9211,1.3421,1.7895
313,E0,01/04/18,Chelsea,Tottenham,1,3,A,1,1,D,A Marriner,14,12,4,7,4,11,5,5,0,1,0,0,2.29,3.29,3.1,9,6.0526,6.4737,1.1053,1.3158,15.9474,16.3947,1.6316,1.9474,1.0000,0.9474
314,E0,07/04/18,Bournemouth,Crystal Palace,2,2,D,0,0,D,J Moss,20,13,5,6,8,9,11,3,2,2,0,0,2.5,3.39,3.0,9,5.7368,5.5263,1.4474,1.8947,12.2368,12.5263,1.1842,1.1842,1.6053,1.4474
315,E0,07/04/18,Brighton,Huddersfield,1,1,D,1,1,D,A Taylor,13,14,4,5,13,7,5,3,1,0,1,0,1.85,3.5,5.0,9,4.2895,4.3421,1.4211,1.6316,10.1053,9.5263,0.8947,0.7368,1.4211,1.5263
316,E0,07/04/18,Everton,Liverpool,0,0,D,0,0,D,M Oliver,6,10,1,3,12,7,3,2,0,0,0,0,4.2,3.75,1.9,9,3.9474,6.0526,1.3421,1.1579,9.4474,16.7895,1.1579,2.2105,1.5263,1.0000
317,E0,07/04/18,Leicester,Newcastle,1,2,A,0,1,A,S Attwell,8,8,1,4,7,14,7,5,1,3,0,0,1.95,3.6,4.2,9,5.3421,4.3947,1.3684,1.3684,11.1316,11.8684,1.4737,1.0263,1.5789,1.2368
318,E0,07/04/18,Man City,Man United,2,3,A,2,0,H,M Atkinson,20,5,6,4,17,9,8,4,6,3,0,0,1.89,3.79,4.2,9,7.4737,5.7895,1.5526,1.6842,17.5000,13.4737,2.7895,1.7895,0.7105,0.7368
319,E0,07/04/18,Stoke,Tottenham,1,2,A,0,0,D,G Scott,10,15,4,4,19,8,6,3,4,3,0,0,11.0,5.5,1.33,9,3.5789,6.4737,1.6316,1.3158,10.1053,16.3947,0.9211,1.9474,1.7895,0.9474
320,E0,07/04/18,Watford,Burnley,1,2,A,0,0,D,P Tierney,14,7,5,4,18,12,11,1,2,2,0,0,2.39,3.2,3.39,9,4.8158,4.3947,1.6579,1.7105,11.5789,9.9474,1.1579,0.9474,1.6842,1.0263
321,E0,07/04/18,West Brom,Swansea,1,1,D,0,0,D,R East,15,7,3,1,15,5,5,1,3,2,0,0,2.37,3.2,3.39,9,4.6316,3.9474,1.9211,1.3421,9.9474,8.8947,0.8158,0.7368,1.4737,1.4737
322,E0,08/04/18,Arsenal,Southampton,3,2,H,2,1,H,A Marriner,13,15,7,8,11,7,8,6,2,1,1,1,1.57,4.5,6.0,9,5.9211,5.9737,1.5000,1.6579,15.6316,11.8421,1.9474,0.9737,1.3421,1.4737
323,E0,08/04/18,Chelsea,West Ham,1,1,D,1,0,H,K Friend,23,5,6,2,7,11,10,6,0,1,0,0,1.28,6.0,12.0,9,6.0526,4.2368,1.1053,1.9211,15.9474,9.7895,1.6316,1.2632,1.0000,1.7895
324,E0,14/04/18,Burnley,Leicester,2,1,H,2,0,H,M Atkinson,8,15,3,6,9,10,4,8,2,1,0,0,2.62,3.2,3.0,9,4.3947,5.3421,1.7105,1.3684,9.9474,11.1316,0.9474,1.4737,1.0263,1.5789
325,E0,14/04/18,Crystal Palace,Brighton,3,2,H,3,2,H,A Marriner,15,12,8,3,12,16,5,6,3,2,0,0,1.9,3.5,4.75,9,5.5263,4.2895,1.8947,1.4211,12.5263,10.1053,1.1842,0.8947,1.4474,1.4211
326,E0,14/04/18,Huddersfield,Watford,1,0,H,0,0,D,C Pawson,9,4,1,2,9,8,9,6,2,2,0,0,2.62,3.25,3.0,9,4.3421,4.8158,1.6316,1.6579,9.5263,11.5789,0.7368,1.1579,1.5263,1.6842
327,E0,14/04/18,Liverpool,Bournemouth,3,0,H,1,0,H,C Kavanagh,20,6,7,1,9,9,7,5,1,1,0,0,1.25,7.0,12.0,9,6.0526,5.7368,1.1579,1.4474,16.7895,12.2368,2.2105,1.1842,1.0000,1.6053
328,E0,14/04/18,Southampton,Chelsea,2,3,A,1,0,H,M Dean,10,17,7,5,13,14,4,7,5,3,0,0,4.5,3.75,1.85,9,5.9737,6.0526,1.6579,1.1053,11.8421,15.9474,0.9737,1.6316,1.4737,1.0000
329,E0,14/04/18,Swansea,Everton,1,1,D,0,1,A,L Mason,17,12,7,3,10,11,6,3,1,1,0,0,2.54,3.25,3.1,9,3.9474,3.9474,1.3421,1.3421,8.8947,9.4474,0.7368,1.1579,1.4737,1.5263
330,E0,14/04/18,Tottenham,Man City,1,3,A,1,2,A,J Moss,8,17,3,6,11,12,5,7,3,4,0,0,2.62,3.6,2.7,9,6.4737,7.4737,1.3158,1.5526,16.3947,17.5000,1.9474,2.7895,0.9474,0.7105
331,E0,15/04/18,Man United,West Brom,0,1,A,0,0,D,P Tierney,14,10,4,4,8,13,4,4,1,1,0,0,1.18,8.0,19.0,9,5.7895,4.6316,1.6842,1.9211,13.4737,9.9474,1.7895,0.8158,0.7368,1.4737
332,E0,15/04/18,Newcastle,Arsenal,2,1,H,1,1,D,A Taylor,8,15,4,3,11,9,2,5,1,0,0,0,3.29,3.6,2.25,9,4.3947,5.9211,1.3684,1.5000,11.8684,15.6316,1.0263,1.9474,1.2368,1.3421
333,E0,16/04/18,West Ham,Stoke,1,1,D,0,0,D,M Oliver,18,11,6,7,15,21,10,1,2,3,0,0,2.0,3.6,4.0,9,4.2368,3.5789,1.9211,1.6316,9.7895,10.1053,1.2632,0.9211,1.7895,1.7895
334,E0,17/04/18,Brighton,Tottenham,1,1,D,0,0,D,K Friend,8,16,5,6,6,5,3,4,1,0,0,0,6.5,4.33,1.55,9,4.2895,6.4737,1.4211,1.3158,10.1053,16.3947,0.8947,1.9474,1.4211,0.9474
335,E0,18/04/18,Bournemouth,Man United,0,2,A,0,1,A,G Scott,13,13,2,4,9,8,8,5,3,1,0,0,5.0,3.89,1.75,9,5.7368,5.7895,1.4474,1.6842,12.2368,13.4737,1.1842,1.7895,1.6053,0.7368
336,E0,19/04/18,Burnley,Chelsea,1,2,A,0,1,A,R Madley,5,16,2,5,9,11,3,2,1,0,0,0,4.0,3.39,1.9,9,4.3947,6.0526,1.7105,1.1053,9.9474,15.9474,0.9474,1.6316,1.0263,1.0000
337,E0,19/04/18,Leicester,Southampton,0,0,D,0,0,D,R East,11,6,3,2,10,10,11,3,0,0,0,0,2.25,3.29,3.2,9,5.3421,5.9737,1.3684,1.6579,11.1316,11.8421,1.4737,0.9737,1.5789,1.4737
338,E0,21/04/18,Watford,Crystal Palace,0,0,D,0,0,D,C Kavanagh,14,6,4,1,17,13,4,3,3,5,0,0,2.89,3.39,2.54,9,4.8158,5.5263,1.6579,1.8947,11.5789,12.5263,1.1579,1.1842,1.6842,1.4474
339,E0,21/04/18,West Brom,Liverpool,2,2,D,0,1,A,S Attwell,13,9,6,3,12,5,7,4,0,1,0,0,7.5,4.5,1.5,9,4.6316,6.0526,1.9211,1.1579,9.9474,16.7895,0.8158,2.2105,1.4737,1.0000
340,E0,22/04/18,Arsenal,West Ham,4,1,H,0,0,D,L Mason,20,11,8,4,11,9,8,6,3,2,0,0,1.55,4.59,6.0,9,5.9211,4.2368,1.5000,1.9211,15.6316,9.7895,1.9474,1.2632,1.3421,1.7895
341,E0,22/04/18,Man City,Swansea,5,0,H,2,0,H,C Pawson,19,4,12,1,6,8,5,1,0,1,0,0,1.14,9.0,23.0,9,7.4737,3.9474,1.5526,1.3421,17.5000,8.8947,2.7895,0.7368,0.7105,1.4737
342,E0,22/04/18,Stoke,Burnley,1,1,D,1,0,H,M Dean,8,16,3,7,15,5,3,8,2,1,0,0,2.29,3.29,3.5,9,3.5789,4.3947,1.6316,1.7105,10.1053,9.9474,0.9211,0.9474,1.7895,1.0263
343,E0,23/04/18,Everton,Newcastle,1,0,H,0,0,D,R Madley,9,9,1,2,10,11,4,6,2,1,0,0,2.29,3.39,3.39,9,3.9474,4.3947,1.3421,1.3684,9.4474,11.8684,1.1579,1.0263,1.5263,1.2368
344,E0,28/04/18,Burnley,Brighton,0,0,D,0,0,D,R East,10,9,4,1,5,17,3,4,0,2,0,0,2.25,3.2,3.7,9,4.3947,4.2895,1.7105,1.4211,9.9474,10.1053,0.9474,0.8947,1.0263,1.4211
345,E0,28/04/18,Crystal Palace,Leicester,5,0,H,2,0,H,M Dean,15,6,9,1,11,9,8,2,1,1,0,1,2.04,3.6,3.79,9,5.5263,5.3421,1.8947,1.3684,12.5263,11.1316,1.1842,1.4737,1.4474,1.5789
346,E0,28/04/18,Huddersfield,Everton,0,2,A,0,1,A,L Probert,9,7,2,5,9,8,4,3,1,0,0,0,2.62,3.1,3.1,9,4.3421,3.9474,1.6316,1.3421,9.5263,9.4474,0.7368,1.1579,1.5263,1.5263
347,E0,28/04/18,Liverpool,Stoke,0,0,D,0,0,D,A Marriner,20,5,2,1,7,14,9,2,1,2,0,0,1.33,5.75,10.0,9,6.0526,3.5789,1.1579,1.6316,16.7895,10.1053,2.2105,0.9211,1.0000,1.7895
348,E0,28/04/18,Newcastle,West Brom,0,1,A,0,1,A,D Coote,17,9,2,2,8,13,5,1,1,3,0,0,1.85,3.6,4.75,9,4.3947,4.6316,1.3684,1.9211,11.8684,9.9474,1.0263,0.8158,1.2368,1.4737
349,E0,28/04/18,Southampton,Bournemouth,2,1,H,1,1,D,A Taylor,14,14,6,7,12,11,5,8,5,1,0,0,1.72,4.0,5.0,9,5.9737,5.7368,1.6579,1.4474,11.8421,12.2368,0.9737,1.1842,1.4737,1.6053
350,E0,28/04/18,Swansea,Chelsea,0,1,A,0,1,A,J Moss,10,11,3,3,13,9,1,2,1,1,0,0,7.0,4.33,1.53,9,3.9474,6.0526,1.3421,1.1053,8.8947,15.9474,0.7368,1.6316,1.4737,1.0000
351,E0,29/04/18,Man United,Arsenal,2,1,H,1,0,H,K Friend,17,8,3,3,12,7,9,0,0,1,0,0,1.44,4.75,8.0,9,5.7895,5.9211,1.6842,1.5000,13.4737,15.6316,1.7895,1.9474,0.7368,1.3421
352,E0,29/04/18,West Ham,Man City,1,4,A,1,2,A,N Swarbrick,4,19,1,7,5,11,0,7,0,1,0,0,10.0,5.75,1.33,9,4.2368,7.4737,1.9211,1.5526,9.7895,17.5000,1.2632,2.7895,1.7895,0.7105
353,E0,30/04/18,Tottenham,Watford,2,0,H,1,0,H,M Oliver,13,13,3,5,11,10,4,0,1,0,0,0,1.16,8.5,21.0,9,6.4737,4.8158,1.3158,1.6579,16.3947,11.5789,1.9474,1.1579,0.9474,1.6842
354,E0,04/05/18,Brighton,Man United,1,0,H,0,0,D,C Pawson,11,16,4,3,5,3,5,6,2,0,0,0,4.75,3.6,1.85,9,4.2895,5.7895,1.4211,1.6842,10.1053,13.4737,0.8947,1.7895,1.4211,0.7368
355,E0,05/05/18,Bournemouth,Swansea,1,0,H,1,0,H,K Friend,13,12,5,3,10,10,11,6,1,4,0,0,2.1,3.6,3.7,9,5.7368,3.9474,1.4474,1.3421,12.2368,8.8947,1.1842,0.7368,1.6053,1.4737
356,E0,05/05/18,Everton,Southampton,1,1,D,0,0,D,J Moss,9,11,3,5,14,12,3,4,2,4,0,1,2.89,3.29,2.62,9,3.9474,5.9737,1.3421,1.6579,9.4474,11.8421,1.1579,0.9737,1.5263,1.4737
357,E0,05/05/18,Leicester,West Ham,0,2,A,0,1,A,C Kavanagh,13,13,2,3,8,9,8,3,1,2,0,0,2.25,3.5,3.39,9,5.3421,4.2368,1.3684,1.9211,11.1316,9.7895,1.4737,1.2632,1.5789,1.7895
358,E0,05/05/18,Stoke,Crystal Palace,1,2,A,1,0,H,M Atkinson,7,13,2,2,18,12,1,7,5,2,0,0,2.7,3.39,2.79,9,3.5789,5.5263,1.6316,1.8947,10.1053,12.5263,0.9211,1.1842,1.7895,1.4474
359,E0,05/05/18,Watford,Newcastle,2,1,H,2,0,H,R East,11,9,8,1,9,11,2,5,2,1,0,0,2.37,3.39,3.2,9,4.8158,4.3947,1.6579,1.3684,11.5789,11.8684,1.1579,1.0263,1.6842,1.2368
360,E0,05/05/18,West Brom,Tottenham,1,0,H,0,0,D,M Jones,9,18,1,5,13,12,5,9,4,1,0,0,8.0,4.75,1.44,9,4.6316,6.4737,1.9211,1.3158,9.9474,16.3947,0.8158,1.9474,1.4737,0.9474
361,E0,06/05/18,Arsenal,Burnley,5,0,H,2,0,H,A Marriner,16,6,8,2,6,7,4,5,0,1,0,0,1.57,4.2,6.5,9,5.9211,4.3947,1.5000,1.7105,15.6316,9.9474,1.9474,0.9474,1.3421,1.0263
362,E0,06/05/18,Chelsea,Liverpool,1,0,H,1,0,H,A Taylor,12,10,4,5,12,9,3,1,3,2,0,0,2.25,3.6,3.29,9,6.0526,6.0526,1.1053,1.1579,15.9474,16.7895,1.6316,2.2105,1.0000,1.0000
363,E0,06/05/18,Man City,Huddersfield,0,0,D,0,0,D,M Dean,15,5,2,3,9,4,10,1,0,3,0,0,1.08,13.0,34.0,9,7.4737,4.3421,1.5526,1.6316,17.5000,9.5263,2.7895,0.7368,0.7105,1.5263
364,E0,08/05/18,Swansea,Southampton,0,1,A,0,0,D,M Oliver,11,13,3,8,7,15,7,6,2,1,0,0,3.1,3.25,2.54,9,3.9474,5.9737,1.3421,1.6579,8.8947,11.8421,0.7368,0.9737,1.4737,1.4737
365,E0,09/05/18,Chelsea,Huddersfield,1,1,D,0,0,D,L Mason,22,3,5,2,7,10,9,0,0,1,0,0,1.16,8.5,19.0,9,6.0526,4.3421,1.1053,1.6316,15.9474,9.5263,1.6316,0.7368,1.0000,1.5263
366,E0,09/05/18,Leicester,Arsenal,3,1,H,1,0,H,G Scott,19,14,10,7,7,12,6,6,2,2,0,1,3.75,3.79,2.0,9,5.3421,5.9211,1.3684,1.5000,11.1316,15.6316,1.4737,1.9474,1.5789,1.3421
367,E0,09/05/18,Man City,Brighton,3,1,H,2,1,H,P Tierney,19,6,7,3,5,7,4,3,0,1,0,0,1.12,10.0,27.0,9,7.4737,4.2895,1.5526,1.4211,17.5000,10.1053,2.7895,0.8947,0.7105,1.4211
368,E0,09/05/18,Tottenham,Newcastle,1,0,H,0,0,D,N Swarbrick,11,14,7,3,10,8,6,4,2,3,0,0,1.18,8.5,17.0,9,6.4737,4.3947,1.3158,1.3684,16.3947,11.8684,1.9474,1.0263,0.9474,1.2368
369,E0,10/05/18,West Ham,Man United,0,0,D,0,0,D,J Moss,9,16,2,6,12,12,1,6,1,1,0,0,4.75,3.79,1.8,9,4.2368,5.7895,1.9211,1.6842,9.7895,13.4737,1.2632,1.7895,1.7895,0.7368
370,E0,13/05/18,Burnley,Bournemouth,1,2,A,1,0,H,P Tierney,12,16,4,5,14,9,7,8,0,0,0,0,2.14,3.5,3.6,9,4.3947,5.7368,1.7105,1.4474,9.9474,12.2368,0.9474,1.1842,1.0263,1.6053
371,E0,13/05/18,Crystal Palace,West Brom,2,0,H,0,0,D,J Moss,11,7,5,1,10,11,4,2,2,3,0,0,1.8,3.79,4.75,9,5.5263,4.6316,1.8947,1.9211,12.5263,9.9474,1.1842,0.8158,1.4474,1.4737
372,E0,13/05/18,Huddersfield,Arsenal,0,1,A,0,1,A,M Oliver,18,9,3,4,11,7,7,4,1,0,0,0,6.0,4.33,1.6,9,4.3421,5.9211,1.6316,1.5000,9.5263,15.6316,0.7368,1.9474,1.5263,1.3421
373,E0,13/05/18,Liverpool,Brighton,4,0,H,2,0,H,K Friend,22,2,11,1,3,6,7,3,0,0,0,0,1.19,8.0,15.0,9,6.0526,4.2895,1.1579,1.4211,16.7895,10.1053,2.2105,0.8947,1.0000,1.4211
374,E0,13/05/18,Man United,Watford,1,0,H,1,0,H,L Mason,7,7,1,3,6,11,6,5,4,0,0,0,1.39,5.25,8.5,9,5.7895,4.8158,1.6842,1.6579,13.4737,11.5789,1.7895,1.1579,0.7368,1.6842
375,E0,13/05/18,Newcastle,Chelsea,3,0,H,1,0,H,M Atkinson,16,6,6,2,11,10,4,2,0,1,0,0,6.5,4.2,1.6,9,4.3947,6.0526,1.3684,1.1053,11.8684,15.9474,1.0263,1.6316,1.2368,1.0000
376,E0,13/05/18,Southampton,Man City,0,1,A,0,0,D,A Marriner,8,13,3,2,8,10,1,12,3,1,0,0,9.0,5.0,1.39,9,5.9737,7.4737,1.6579,1.5526,11.8421,17.5000,0.9737,2.7895,1.4737,0.7105
377,E0,13/05/18,Swansea,Stoke,1,2,A,1,2,A,A Taylor,26,8,11,5,12,9,6,0,1,2,0,0,1.9,3.79,4.2,9,3.9474,3.5789,1.3421,1.6316,8.8947,10.1053,0.7368,0.9211,1.4737,1.7895
378,E0,13/05/18,Tottenham,Leicester,5,4,H,1,2,A,C Pawson,14,16,6,9,9,13,4,4,1,2,0,0,1.33,6.0,9.0,9,6.4737,5.3421,1.3158,1.3684,16.3947,11.1316,1.9474,1.4737,0.9474,1.5789
379,E0,13/05/18,West Ham,Everton,3,1,H,1,0,H,G Scott,15,14,4,7,10,13,6,6,0,1,0,0,2.45,3.5,3.0,9,4.2368,3.9474,1.9211,1.3421,9.7895,9.4474,1.2632,1.1579,1.7895,1.5263
